layer,table,dimension,check,column,failed_rows,checked_rows,pass_rate
raw,regions,Completeness,not_null,region_id,0,24,100.0
raw,regions,Completeness,not_null,city,0,24,100.0
raw,regions,Completeness,not_null,region_name,0,24,100.0
raw,regions,Uniqueness,exact_duplicate_rows,*,0,24,100.0
raw,regions,Uniqueness,duplicate_primary_key,region_id,0,24,100.0
raw,regions,Consistency,allowed_values,region_name,8,24,66.67
raw,regions,Consistency,no_extra_whitespace,city,4,24,83.33
raw,regions,Consistency,no_extra_whitespace,region_name,0,24,100.0
raw,customers,Completeness,not_null,customer_id,0,12409,100.0
raw,customers,Completeness,not_null,first_name,0,12409,100.0
raw,customers,Completeness,not_null,email,364,12409,97.07
raw,customers,Completeness,not_null,region_id,0,12409,100.0
raw,customers,Completeness,not_null,signup_date,0,12409,100.0
raw,customers,Uniqueness,exact_duplicate_rows,*,120,12409,99.03
raw,customers,Uniqueness,duplicate_primary_key,customer_id,120,12409,99.03
raw,customers,Uniqueness,duplicate_business_key,email,405,12045,96.64
raw,customers,Validity,numeric_type,age,125,12409,98.99
raw,customers,Validity,range_18_100,age,50,12284,99.59
raw,customers,Validity,valid_iso_date,signup_date,65,12409,99.48
raw,customers,Validity,date_in_business_window,signup_date,10,12344,99.92
raw,customers,Consistency,allowed_values,gender,615,12222,94.97
raw,customers,Consistency,no_extra_whitespace,first_name,500,12409,95.97
raw,customers,Consistency,no_extra_whitespace,last_name,376,12409,96.97
raw,customers,Consistency,no_extra_whitespace,email,289,12045,97.6
raw,customers,Integrity,fk_regions,region_id,0,12409,100.0
raw,products,Completeness,not_null,product_id,0,525,100.0
raw,products,Completeness,not_null,product_name,0,525,100.0
raw,products,Completeness,not_null,category,0,525,100.0
raw,products,Completeness,not_null,unit_price,0,525,100.0
raw,products,Completeness,not_null,unit_cost,15,525,97.14
raw,products,Uniqueness,exact_duplicate_rows,*,5,525,99.05
raw,products,Uniqueness,duplicate_primary_key,product_id,5,525,99.05
raw,products,Validity,numeric_type,unit_price,26,525,95.05
raw,products,Validity,range_1_500000,unit_price,0,499,100.0
raw,products,Validity,numeric_type,unit_cost,0,510,100.0
raw,products,Validity,range_0.01_500000,unit_cost,0,510,100.0
raw,products,Consistency,allowed_values,category,79,525,84.95
raw,products,Consistency,no_extra_whitespace,product_name,5,525,99.05
raw,products,Consistency,no_extra_whitespace,category,11,525,97.9
raw,orders,Completeness,not_null,order_id,0,56336,100.0
raw,orders,Completeness,not_null,customer_id,0,56336,100.0
raw,orders,Completeness,not_null,order_date,36,56336,99.94
raw,orders,Completeness,not_null,region_id,0,56336,100.0
raw,orders,Uniqueness,exact_duplicate_rows,*,336,56336,99.4
raw,orders,Uniqueness,duplicate_primary_key,order_id,336,56336,99.4
raw,orders,Validity,valid_iso_date,order_date,95,56300,99.83
raw,orders,Validity,date_in_business_window,order_date,39,56205,99.93
raw,orders,Consistency,allowed_values,channel,37246,55885,33.35
raw,orders,Consistency,allowed_values,order_status,563,56336,99.0
raw,orders,Consistency,no_extra_whitespace,order_status,563,56336,99.0
raw,orders,Integrity,fk_customers,customer_id,114,56336,99.8
raw,orders,Integrity,fk_regions,region_id,0,56336,100.0
raw,order_items,Completeness,not_null,order_item_id,0,110047,100.0
raw,order_items,Completeness,not_null,order_id,0,110047,100.0
raw,order_items,Completeness,not_null,product_id,0,110047,100.0
raw,order_items,Completeness,not_null,quantity,0,110047,100.0
raw,order_items,Completeness,not_null,unit_price,0,110047,100.0
raw,order_items,Completeness,not_null,line_amount,440,110047,99.6
raw,order_items,Uniqueness,exact_duplicate_rows,*,547,110047,99.5
raw,order_items,Uniqueness,duplicate_primary_key,order_item_id,547,110047,99.5
raw,order_items,Validity,numeric_type,quantity,0,110047,100.0
raw,order_items,Validity,range_1_50,quantity,329,110047,99.7
raw,order_items,Validity,numeric_type,unit_price,592,110047,99.46
raw,order_items,Validity,range_1_1000000,unit_price,0,109455,100.0
raw,order_items,Validity,numeric_type,discount_pct,0,110047,100.0
raw,order_items,Validity,range_0_0.6,discount_pct,219,110047,99.8
raw,order_items,Validity,numeric_type,line_amount,0,109607,100.0
raw,order_items,Validity,range_0_5000000,line_amount,0,109607,100.0
raw,order_items,Integrity,fk_orders,order_id,0,110047,100.0
raw,order_items,Integrity,fk_products,product_id,87,110047,99.92
raw,order_items,Validity,extreme_outlier_3xIQR(info),line_amount,10387,109607,90.52
raw,payments,Completeness,not_null,payment_id,0,56224,100.0
raw,payments,Completeness,not_null,order_id,0,56224,100.0
raw,payments,Completeness,not_null,payment_method,337,56224,99.4
raw,payments,Completeness,not_null,amount,0,56224,100.0
raw,payments,Uniqueness,exact_duplicate_rows,*,224,56224,99.6
raw,payments,Uniqueness,duplicate_primary_key,payment_id,224,56224,99.6
raw,payments,Validity,numeric_type,amount,0,56224,100.0
raw,payments,Validity,range_0_10000000,amount,169,56224,99.7
raw,payments,Consistency,allowed_values,payment_method,2933,55887,94.75
raw,payments,Integrity,fk_orders,order_id,0,56224,100.0
raw,returns,Completeness,not_null,return_id,0,8919,100.0
raw,returns,Completeness,not_null,order_item_id,0,8919,100.0
raw,returns,Completeness,not_null,return_date,0,8919,100.0
raw,returns,Completeness,not_null,return_reason,88,8919,99.01
raw,returns,Uniqueness,exact_duplicate_rows,*,70,8919,99.22
raw,returns,Uniqueness,duplicate_primary_key,return_id,70,8919,99.22
raw,returns,Validity,numeric_type,return_qty,0,8919,100.0
raw,returns,Validity,range_1_50,return_qty,0,8919,100.0
raw,returns,Validity,numeric_type,refund_amount,0,8919,100.0
raw,returns,Validity,range_0_5000000,refund_amount,0,8919,100.0
raw,returns,Validity,valid_iso_date,return_date,0,8919,100.0
raw,returns,Validity,date_in_business_window,return_date,2,8919,99.98
raw,returns,Consistency,allowed_values,return_reason,174,8831,98.03
raw,returns,Integrity,fk_order_items,order_item_id,26,8919,99.71
raw,support_tickets,Completeness,not_null,ticket_id,0,6725,100.0
raw,support_tickets,Completeness,not_null,order_id,0,6725,100.0
raw,support_tickets,Completeness,not_null,created_at,0,6725,100.0
raw,support_tickets,Completeness,not_null,priority,135,6725,97.99
raw,support_tickets,Completeness,not_null,ticket_category,0,6725,100.0
raw,support_tickets,Uniqueness,exact_duplicate_rows,*,33,6725,99.51
raw,support_tickets,Uniqueness,duplicate_primary_key,ticket_id,33,6725,99.51
raw,support_tickets,Validity,numeric_type,csat_score,0,6653,100.0
raw,support_tickets,Validity,range_1_5,csat_score,26,6653,99.61
raw,support_tickets,Consistency,allowed_values,ticket_category,268,6725,96.01
raw,support_tickets,Consistency,allowed_values,priority,0,6590,100.0
raw,support_tickets,Integrity,fk_orders,order_id,0,6725,100.0
raw,support_tickets,Validity,resolved_after_created,resolved_at,40,6653,99.4
