table,column,semantic_type,rows,missing,missing_pct,distinct,leading_trailing_space,sample_values,non_numeric_values,min,max,mean,median,unparseable_dates
regions,region_id,identifier,24,0,0.0,24,0,R01 | R02 | R03 | R04,,,,,,
regions,city,text,24,0,0.0,24,4,Delhi | Gurugram | Jaipur | Lucknow,,,,,,
regions,state,text,24,0,0.0,19,0,Delhi | Haryana | Rajasthan | Uttar Pradesh,,,,,,
regions,region_name,text,24,0,0.0,11,0,North | N. Region | NORTH | South,,,,,,
regions,country,text,24,0,0.0,1,0,India,,,,,,
customers,customer_id,identifier,12409,0,0.0,12289,0,C00001 | C00002 | C00003 | C00004,,,,,,
customers,first_name,text,12409,0,0.0,80,500,Joseph | Abhishek | Ananya | Swati,,,,,,
customers,last_name,text,12409,0,0.0,60,376,Nair | Rao | Khan | Singh,,,,,,
customers,email,text,12409,364,2.93,11929,289,joseph.nair1@example.com | abhishek.rao2@example.com | ananya.khan3@example.com | swati.singh4@example.com,,,,,,
customers,phone,numeric,12409,250,2.01,11760,0,9566680356 | 9299224750 | 9191748840 | 9310006099,0.0,9100141172,9999837053,9551725667.51,9551651203.0,
customers,gender,text,12409,187,1.51,6,0,Male | Female | female | male,,,,,,
customers,age,numeric,12409,0,0.0,55,0,25 | 33 | 38 | 37,125.0,-1.0,999.0,34.07,33.0,
customers,region_id,identifier,12409,0,0.0,24,0,R20 | R06 | R23 | R22,,,,,,
customers,signup_date,date,12409,0,0.0,1278,0,2022-07-02 | 2022-07-03 | 2022-07-04 | 2022-07-05,,2022-07-02 00:00:00,2031-01-01 00:00:00,,,65.0
customers,preferred_channel,text,12409,0,0.0,4,0,CH02 | CH03 | CH01 | CH04,,,,,,
customers,loyalty_member,text,12409,0,0.0,6,0,Yes | No | N | false,,,,,,
products,product_id,identifier,525,0,0.0,520,0,P0001 | P0002 | P0003 | P0004,,,,,,
products,product_name,text,525,0,0.0,520,5,Kriti Team Sports 315 | Veltrix Storage 168 | Mitti Non-Fiction 229 | Haveli Cycling 706,,,,,,
products,category,text,525,0,0.0,23,11,Sports | Home & Kitchen | Books | Electronics,,,,,,
products,sub_category,text,525,0,0.0,30,0,Team Sports | Storage | Non-Fiction | Cycling,,,,,,
products,brand,text,525,10,1.9,16,0,Kriti | Veltrix | Mitti | Haveli,,,,,,
products,unit_price,numeric,525,0,0.0,312,0,4759.0 | 269.0 | 359.0 | 1729.0,26.0,119.0,107999.0,3319.4,1109.0,
products,unit_cost,numeric,525,15,2.86,504,0,2727.11 | 186.62 | 252.43 | 953.73,0.0,69.43,94279.15,2530.13,631.97,
products,launch_date,date,525,0,0.0,403,0,2023-10-20 | 2024-12-26 | 2024-02-12 | 2022-08-17,,2022-01-01 00:00:00,2024-12-29 00:00:00,,,0.0
orders,order_id,identifier,56336,0,0.0,56000,0,O000001 | O000002 | O000003 | O000004,,,,,,
orders,customer_id,identifier,56336,0,0.0,9110,0,C00780 | C00781 | C00873 | C00581,,,,,,
orders,order_date,date,56336,36,0.06,1100,0,2023-01-01 | 2023-01-02 | 2023-01-03 | 20/05/2024,,2023-01-01 00:00:00,2027-03-15 00:00:00,,,95.0
orders,region_id,identifier,56336,0,0.0,24,0,R15 | R10 | R11 | R17,,,,,,
orders,order_status,text,56336,0,0.0,6,563,Delivered | Cancelled | delivered  | cancelled ,,,,,,
orders,promised_days,numeric,56336,0,0.0,2,0,5 | 0,0.0,0,5,4.38,5.0,
orders,delivery_date,date,56336,1562,2.77,1101,0,2023-01-02 | 2023-01-04 | 2023-01-10 | 2023-01-01,,2023-01-01 00:00:00,2026-01-05 00:00:00,,,0.0
orders,channel,text,56336,451,0.8,12,5616,marketplace | Marketplace | web | store,,,,,,
order_items,order_item_id,identifier,110047,0,0.0,109500,0,OI0000001 | OI0000002 | OI0000003 | OI0000004,,,,,,
order_items,order_id,identifier,110047,0,0.0,56000,0,O000001 | O000002 | O000003 | O000004,,,,,,
order_items,product_id,identifier,110047,0,0.0,521,0,P0449 | P0463 | P0315 | P0349,,,,,,
order_items,quantity,numeric,110047,0,0.0,14,0,2 | 1 | 6 | 3,0.0,-2.0,999.0,2.26,1.0,
order_items,unit_price,numeric,110047,0,0.0,1243,0,10089.0 | 219.0 | 789.0 | 319.0,592.0,123.76,116811.72,3081.05,1069.7,
order_items,unit_cost,numeric,110047,0,0.0,1500,0,8864.23 | 164.44 | 364.29 | 167.19,0.0,72.21,101972.33,2320.1,568.9,
order_items,discount_pct,numeric,110047,0,0.0,12,0,0.1 | 0.0 | 0.05 | 0.15,0.0,-0.1,25.0,0.11,0.1,
order_items,line_amount,numeric,110047,440,0.4,10701,0,18160.2 | 394.2 | 789.0 | 287.1,0.0,96.53,332913.4,3611.85,1231.94,
payments,payment_id,identifier,56224,0,0.0,56000,0,PAY000001 | PAY000002 | PAY000003 | PAY000004,,,,,,
payments,order_id,identifier,56224,0,0.0,56000,0,O000001 | O000002 | O000003 | O000004,,,,,,
payments,payment_date,date,56224,0,0.0,1096,0,2023-01-01 | 2023-01-02 | 2023-01-03 | 2023-01-04,,2023-01-01 00:00:00,2025-12-31 00:00:00,,,0.0
payments,payment_method,text,56224,337,0.6,15,0,UPI | Debit Card | Net Banking | Cash on Delivery,,,,,,
payments,amount,numeric,56224,0,0.0,38674,0,19630.5 | 1937.05 | 2539.2 | 3864.75,0.0,-199313.08,333175.26,7013.39,3063.1,
payments,payment_status,text,56224,0,0.0,3,0,Completed | Refunded | Voided,,,,,,
returns,return_id,identifier,8919,0,0.0,8849,0,RET000001 | RET000002 | RET000003 | RET000004,,,,,,
returns,order_item_id,identifier,8919,0,0.0,8824,0,OI0000006 | OI0000014 | OI0000022 | OI0000030,,,,,,
returns,order_id,identifier,8919,0,0.0,8298,0,O000003 | O000007 | O000012 | O000018,,,,,,
returns,product_id,identifier,8919,0,0.0,504,0,P0159 | P0171 | P0315 | P0147,,,,,,
returns,return_date,date,8919,0,0.0,1104,0,2023-01-17 | 2023-01-10 | 2023-01-08 | 2023-01-12,,2022-12-08 00:00:00,2026-01-14 00:00:00,,,0.0
returns,return_qty,numeric,8919,0,0.0,7,0,1 | 2 | 3 | 4,0.0,1,7,1.15,1.0,
returns,return_reason,text,8919,88,0.99,14,0,Damaged in Transit | Size/Fit Issue | Not as Described | Wrong Item Delivered,,,,,,
returns,refund_amount,numeric,8919,0,0.0,3419,0,729.0 | 3446.1 | 670.65 | 1072.55,0.0,102.97,233623.44,3513.76,1362.45,
returns,return_status,text,8919,0,0.0,2,0,Refunded | Replaced,,,,,,
support_tickets,ticket_id,identifier,6725,0,0.0,6692,0,TK000001 | TK000002 | TK000003 | TK000004,,,,,,
support_tickets,order_id,identifier,6725,0,0.0,6692,0,O000018 | O000019 | O000038 | O000039,,,,,,
support_tickets,customer_id,identifier,6725,0,0.0,3599,0,C00375 | C00077 | C00550 | C00127,,,,,,
support_tickets,created_at,date,6725,0,0.0,6671,0,2023-01-04 18:26:00 | 2023-01-03 14:23:00 | 2023-01-08 15:26:00 | 2023-01-04 08:44:00,,2023-01-02 09:56:00,2026-01-08 20:38:00,,,0.0
support_tickets,resolved_at,date,6725,72,1.07,6600,0,2023-01-06 15:38:00 | 2023-01-04 11:05:00 | 2023-01-09 16:14:00 | 2023-01-06 16:20:00,,2023-01-03 03:08:00,2025-12-30 02:27:00,,,0.0
support_tickets,ticket_category,text,6725,0,0.0,12,0,product defect | Product Query | Delivery Delay | Product Defect,,,,,,
support_tickets,priority,text,6725,135,2.01,4,0,Medium | Low | High | Critical,,,,,,
support_tickets,ticket_status,text,6725,0,0.0,2,0,Resolved | Open,,,,,,
support_tickets,agent_channel,text,6725,0,0.0,3,0,Chat | Email | Phone,,,,,,
support_tickets,csat_score,numeric,6725,72,1.07,8,0,4.0 | 3.0 | 5.0 | 2.0,0.0,0.0,10.0,3.7,4.0,
