region_name,city,revenue,profit,orders,units,customers,discount,gross,lines,returned_lines,profit_margin_pct,aov,avg_discount_pct,return_rate_pct,revenue_share_pct
West,Mumbai,40522057.73,7245467.69,5886,16510,912,3792345.77,44314403.5,11394,944,17.88,6884.48,8.56,8.29,10.49
South,Bengaluru,35861039.86,6491347.72,5152,14661,828,3347344.59,39208384.45,10082,875,18.1,6960.61,8.54,8.68,9.28
North,Delhi,34011332.54,6123358.7,4632,13264,781,3032673.82,37044006.36,9113,783,18.0,7342.69,8.19,8.59,8.81
South,Hyderabad,30143984.18,5297639.49,4194,12069,628,2847405.97,32991390.15,8258,637,17.57,7187.41,8.63,7.71,7.8
East,Kolkata,27512695.15,4984953.37,3898,11042,551,2563398.56,30076093.71,7669,635,18.12,7058.16,8.52,8.28,7.12
South,Chennai,23233879.73,4058834.09,3275,9267,562,2292409.48,25526289.21,6386,525,17.47,7094.31,8.98,8.22,6.02
West,Pune,23080008.97,4165713.02,3209,9108,525,2151552.54,25231561.51,6309,510,18.05,7192.27,8.53,8.08,5.98
West,Ahmedabad,18344180.88,3172854.75,2598,7376,426,1834349.08,20178529.96,5019,381,17.3,7060.89,9.09,7.59,4.75
North,Gurugram,15188808.04,2738217.78,2187,6165,347,1438743.35,16627551.39,4317,378,18.03,6945.04,8.65,8.76,3.93
North,Jaipur,14843555.18,2823372.36,2179,6295,392,1314332.38,16157887.56,4287,349,19.02,6812.1,8.13,8.14,3.84
North,Lucknow,14313877.98,2614339.59,2059,5790,366,1345654.56,15659532.54,3995,336,18.26,6951.86,8.59,8.41,3.71
East,Patna,13529037.76,2391864.58,1902,5293,280,1281393.45,14810431.21,3736,326,17.68,7113.06,8.65,8.73,3.5
Central,Indore,12564046.05,2109812.99,1630,4608,258,1178192.57,13742238.62,3162,264,16.79,7708.0,8.57,8.35,3.25
West,Surat,11558513.44,2007753.19,1567,4412,280,1072955.45,12631468.89,3038,250,17.37,7376.21,8.49,8.23,2.99
East,Jamshedpur,9922689.89,1883286.21,1454,4124,214,909028.76,10831718.65,2788,245,18.98,6824.41,8.39,8.79,2.57
South,Kochi,9677780.87,1783623.93,1407,3968,239,895339.82,10573120.69,2727,221,18.43,6878.31,8.47,8.1,2.51
East,Guwahati,8826186.23,1563497.06,1247,3477,200,864833.39,9691019.62,2409,195,17.71,7077.94,8.92,8.09,2.29
South,Coimbatore,8571901.93,1564681.57,1228,3601,187,813907.59,9385809.52,2418,227,18.25,6980.38,8.67,9.39,2.22
Central,Bhopal,7381010.2,1358329.48,1095,3185,180,712086.13,8093096.33,2173,168,18.4,6740.65,8.8,7.73,1.91
East,Bhubaneswar,7016825.91,1276939.94,1019,2985,160,668448.53,7685274.44,2065,162,18.2,6885.99,8.7,7.85,1.82
Central,Nagpur,6986043.95,1193517.63,946,2675,151,681347.54,7667391.49,1852,134,17.08,7384.82,8.89,7.24,1.81
North,Chandigarh,5835146.46,1002523.4,830,2351,178,558360.72,6393507.18,1606,119,17.18,7030.3,8.73,7.41,1.51
West,Panaji,3818772.6,726178.74,537,1617,83,358004.58,4176777.18,1078,77,19.02,7111.31,8.57,7.14,0.99
Central,Raipur,3516147.59,651278.01,509,1469,98,315136.46,3831284.05,979,82,18.52,6907.95,8.23,8.38,0.91
