cohort_month,0,1,2,3,4,5,6,7,8,9,10,11,12
2023-01,100.0,54.0,55.6,50.0,48.0,40.2,36.3,38.4,34.5,39.4,36.5,28.5,26.5
2023-02,100.0,42.5,38.6,40.6,32.4,32.4,32.9,27.5,30.9,26.1,20.8,23.2,14.5
2023-03,100.0,36.1,38.5,33.7,31.7,30.2,23.4,28.3,26.8,22.4,20.5,17.1,16.1
2023-04,100.0,40.5,33.0,32.4,31.4,28.6,32.4,29.2,25.9,18.4,18.9,17.3,15.1
2023-05,100.0,39.0,41.0,32.5,28.0,32.5,33.0,30.5,24.5,19.5,18.0,16.0,22.0
2023-06,100.0,32.3,39.8,32.3,37.3,24.2,30.4,19.3,18.6,23.6,23.0,16.1,16.1
2023-07,100.0,41.1,35.4,42.9,37.1,29.1,34.9,22.3,26.9,20.6,16.0,13.1,14.3
2023-08,100.0,39.0,45.2,39.5,29.4,28.1,19.3,21.1,23.7,21.1,14.9,19.3,18.0
2023-09,100.0,41.5,43.6,35.1,27.1,20.7,23.9,20.7,19.7,21.3,20.2,20.2,19.1
2023-10,100.0,42.6,32.6,27.5,24.8,22.9,23.6,22.5,22.1,17.4,17.1,14.7,19.0
2023-11,100.0,36.0,25.5,18.2,25.9,24.3,20.2,19.8,14.2,22.7,18.6,20.2,22.3
2023-12,100.0,32.5,31.0,27.5,29.0,24.5,21.0,19.0,23.5,16.5,23.0,29.0,14.5
2024-01,100.0,29.2,37.3,30.3,26.5,20.5,28.1,26.5,23.2,24.9,26.5,17.8,17.3
2024-02,100.0,29.0,27.1,27.1,25.8,21.9,22.6,20.6,26.5,26.5,16.1,17.4,14.2
2024-03,100.0,27.1,28.1,27.6,23.1,27.1,19.9,27.1,24.0,19.5,16.7,17.2,14.9
2024-04,100.0,27.6,29.3,29.3,28.7,26.5,30.4,32.6,24.3,21.5,20.4,14.9,18.8
2024-05,100.0,30.0,23.0,24.4,20.3,26.3,24.9,17.1,20.3,15.2,19.4,15.7,20.7
2024-06,100.0,26.6,29.3,28.2,22.9,28.2,20.2,18.1,12.8,16.0,14.9,15.4,11.2
2024-07,100.0,28.9,23.3,28.1,29.6,22.5,20.6,17.4,18.2,15.0,15.8,12.3,11.1
2024-08,100.0,29.1,28.4,30.9,27.0,19.3,21.4,18.6,17.9,17.5,15.1,15.4,15.4
2024-09,100.0,31.4,29.5,23.2,25.5,16.8,19.5,17.3,15.5,18.6,13.6,17.7,16.8
2024-10,100.0,30.3,22.2,25.2,17.4,19.5,19.2,20.1,18.6,14.1,21.0,14.1,19.5
2024-11,100.0,26.3,22.6,21.4,17.0,15.2,18.0,15.5,20.4,20.7,15.5,15.2,16.7
2024-12,100.0,25.5,17.7,21.8,27.6,14.0,20.2,21.8,18.1,20.2,18.1,20.2,20.2
2025-01,100.0,16.2,25.5,17.9,24.3,18.7,13.2,21.7,15.3,21.3,21.3,17.9,0.0
2025-02,100.0,22.9,22.4,24.7,16.5,24.7,15.3,18.2,20.0,21.8,12.4,0.0,0.0
2025-03,100.0,24.5,26.1,21.2,22.0,23.7,18.8,23.3,22.9,16.3,0.0,0.0,0.0
2025-04,100.0,22.5,26.5,22.1,24.1,24.9,24.1,24.1,22.1,0.0,0.0,0.0,0.0
2025-05,100.0,21.6,22.7,24.1,20.9,27.7,27.3,17.6,0.0,0.0,0.0,0.0,0.0
2025-06,100.0,18.4,27.8,16.1,26.9,29.1,24.2,0.0,0.0,0.0,0.0,0.0,0.0
2025-07,100.0,25.8,19.6,26.2,25.5,24.0,0.0,0.0,0.0,0.0,0.0,0.0,0.0
2025-08,100.0,29.5,31.9,34.7,22.8,0.0,0.0,0.0,0.0,0.0,0.0,0.0,0.0
2025-09,100.0,28.6,30.0,26.6,0.0,0.0,0.0,0.0,0.0,0.0,0.0,0.0,0.0
2025-10,100.0,29.5,24.2,0.0,0.0,0.0,0.0,0.0,0.0,0.0,0.0,0.0,0.0
2025-11,100.0,26.8,0.0,0.0,0.0,0.0,0.0,0.0,0.0,0.0,0.0,0.0,0.0
2025-12,100.0,0.0,0.0,0.0,0.0,0.0,0.0,0.0,0.0,0.0,0.0,0.0,0.0
