kpi,value
total_revenue,386259523.12
total_cost,317030137.83
total_profit,69229385.29
profit_margin_pct,17.92
total_orders,54640.0
total_customers,8802.0
units_sold,155312.0
aov,7069.17
orders_per_customer,6.2
avg_discount_pct,8.58
return_rate_lines_pct,8.26
refund_value,31075887.6
refund_pct_of_revenue,8.05
cancellation_rate_pct,2.43
on_time_delivery_pct,90.61
avg_delivery_days_online,3.29
repeat_customer_pct,74.73
support_tickets,6692.0
tickets_per_100_orders,11.95
median_resolution_hours,25.9
sla_met_pct,75.37
avg_csat,3.7
top20pct_customers_revenue_share,65.85
top20pct_products_revenue_share,75.05
avg_month1_retention_pct,30.98
avg_month3_retention_pct,28.58
