year_month,revenue,profit,orders,customers,units,aov,profit_margin_pct,mom_growth_pct,yoy_growth_pct,running_revenue,rolling_3m_revenue,rolling_12m_revenue,new_customers
2023-01,7066831.1,1371699.04,1019,499,2838,6935.06,19.41,,,7066831.1,,,499
2023-02,5888928.5,1132670.66,842,477,2288,6993.98,19.23,-16.67,,12955759.6,,,207
2023-03,6978240.2,1399522.18,1098,571,2978,6355.41,20.06,18.5,,19933999.8,19933999.8,,205
2023-04,7006206.75,1378951.57,1017,589,2875,6889.09,19.68,0.4,,26940206.55,19873375.45,,185
2023-05,7830176.9,1497008.81,1176,678,3304,6658.31,19.12,11.76,,34770383.45,21814623.85,,200
2023-06,6455254.9,1243521.5,1019,636,2766,6334.89,19.26,-17.56,,41225638.35,21291638.55,,161
2023-07,7575084.0,1505821.28,1091,683,3097,6943.25,19.88,17.35,,48800722.35,21860515.8,,175
2023-08,9234023.8,1774395.33,1379,809,4063,6696.17,19.22,21.9,,58034746.15,23264362.7,,228
2023-09,7994184.9,1517598.99,1210,778,3512,6606.76,18.98,-13.43,,66028931.05,24803292.7,,188
2023-10,10590904.9,1521904.4,1751,1018,5090,6048.49,14.37,32.48,,76619835.95,27819113.6,,258
2023-11,10817843.95,1491147.75,1808,1045,5219,5983.32,13.78,2.14,,87437679.9,29402933.75,,247
2023-12,9226424.2,1753333.96,1414,947,4164,6525.05,19.0,-14.71,,96664104.1,30635173.05,96664104.1,200
2024-01,8276673.78,1682948.22,1348,897,3790,6139.97,20.33,-10.29,17.12,104940777.88,28320941.93,97873946.78,185
2024-02,6958677.8,1372145.07,1059,773,2981,6570.99,19.72,-15.92,18.17,111899455.68,24461775.78,98943696.08,155
2024-03,8657294.4,1739563.15,1330,946,3921,6509.24,20.09,24.41,24.06,120556750.08,23892645.98,100622750.28,221
2024-04,8745996.41,1757461.68,1248,902,3670,7008.01,20.09,1.02,24.83,129302746.49,24361968.61,102362539.94,181
2024-05,9568575.29,1895833.38,1357,949,3953,7051.27,19.81,9.41,22.2,138871321.78,26971866.1,104100938.33,217
2024-06,8631965.38,1772112.31,1271,921,3606,6791.48,20.53,-9.79,33.72,147503287.16,26946537.08,106277648.81,188
2024-07,8623548.23,1783389.86,1326,975,3697,6503.43,20.68,-0.1,13.84,156126835.39,26824088.9,107326113.04,253
2024-08,11721510.94,2381725.74,1709,1151,4919,6858.7,20.32,35.92,26.94,167848346.33,28977024.55,109813600.18,285
2024-09,9924196.32,1907876.28,1459,1047,4138,6802.05,19.22,-15.33,24.14,177772542.65,30269255.49,111743611.6,220
2024-10,12399253.95,1921422.66,1964,1345,5613,6313.27,15.5,24.94,17.07,190171796.6,34044961.21,113551960.65,333
2024-11,15788106.4,2139129.92,2247,1465,6276,7026.3,13.55,27.33,45.95,205959903.0,38111556.67,118522223.1,323
2024-12,12689964.22,2458960.69,1696,1193,4798,7482.29,19.38,-19.62,37.54,218649867.22,40877324.57,121985763.12,243
2025-01,12837583.72,2398794.6,1610,1188,4617,7973.65,18.69,1.16,55.11,231487450.94,41315654.34,126546673.06,235
2025-02,9907197.09,1833718.93,1278,980,3724,7752.11,18.51,-22.83,42.37,241394648.03,35434745.03,129495192.35,170
2025-03,11561415.85,2232359.98,1560,1152,4382,7411.16,19.31,16.7,33.55,252956063.88,34306196.66,132399313.8,245
2025-04,11632048.33,2123459.64,1506,1157,4194,7723.8,18.26,0.61,33.0,264588112.21,33100661.27,135285365.72,249
2025-05,13127291.72,2373245.22,1643,1248,4642,7989.83,18.08,12.85,37.19,277715403.93,36320755.9,138844082.15,278
2025-06,12044560.37,2083687.18,1494,1157,4170,8061.95,17.3,-8.25,39.53,289759964.3,36803900.42,142256677.14,223
2025-07,13295570.35,2451684.75,1663,1237,4773,7994.93,18.44,10.39,54.18,303055534.65,38467422.44,146928699.26,271
2025-08,15459261.43,2831140.92,1978,1428,5597,7815.6,18.31,16.27,31.89,318514796.08,40799392.15,150666449.75,285
2025-09,14843391.01,2626317.17,1777,1333,5094,8353.06,17.69,-3.98,49.57,333358187.09,43598222.79,155585644.44,290
2025-10,17492240.19,2263952.97,2474,1685,6977,7070.43,12.94,17.85,41.07,350850427.28,47794892.63,160678630.68,359
2025-11,18800510.26,2553709.23,2660,1832,7518,7067.86,13.58,7.48,19.08,369650937.54,51136141.46,163691034.54,351
2025-12,16608585.58,3057170.27,2159,1567,6068,7692.72,18.41,-11.66,30.88,386259523.12,52901336.03,167609655.9,290
