customer_rank_pct,cum_revenue_pct
0.01,0.57
0.51,7.77
1.01,12.13
1.51,15.77
2.01,18.93
2.51,21.78
3.01,24.38
3.51,26.79
4.01,29.0
4.51,31.04
5.01,32.95
5.51,34.77
6.01,36.49
6.51,38.13
7.01,39.67
7.51,41.15
8.01,42.56
8.51,43.93
9.01,45.24
9.51,46.5
10.01,47.72
10.51,48.89
11.01,50.02
11.51,51.12
12.01,52.19
12.51,53.22
13.01,54.23
13.51,55.2
14.01,56.15
14.51,57.07
15.01,57.97
15.51,58.85
16.01,59.7
16.51,60.54
17.01,61.35
17.51,62.15
18.01,62.92
18.51,63.68
19.01,64.43
19.51,65.16
20.01,65.87
20.51,66.56
21.01,67.24
21.51,67.9
22.01,68.55
22.51,69.19
23.01,69.81
23.51,70.43
24.01,71.03
24.51,71.62
25.01,72.2
25.51,72.77
26.01,73.33
26.51,73.88
27.01,74.42
27.51,74.95
28.0,75.47
28.5,75.97
29.0,76.48
29.5,76.97
30.0,77.45
30.5,77.93
31.0,78.39
31.5,78.85
32.0,79.31
32.5,79.75
33.0,80.19
33.5,80.62
34.0,81.04
34.5,81.45
35.0,81.86
35.5,82.26
36.0,82.65
36.5,83.04
37.0,83.42
37.5,83.8
38.0,84.16
38.5,84.52
39.0,84.88
39.5,85.22
40.0,85.56
40.5,85.89
41.0,86.22
41.5,86.54
42.0,86.85
42.5,87.16
43.0,87.46
43.5,87.76
44.0,88.06
44.5,88.35
45.0,88.63
45.5,88.91
46.0,89.18
46.5,89.45
47.0,89.71
47.5,89.97
48.0,90.22
48.5,90.47
49.0,90.72
49.5,90.96
50.0,91.19
50.5,91.43
51.0,91.66
51.5,91.88
52.0,92.1
52.5,92.32
53.0,92.53
53.5,92.74
54.0,92.95
54.5,93.15
55.0,93.35
55.5,93.54
56.0,93.73
56.5,93.91
57.0,94.09
57.5,94.27
58.0,94.45
58.5,94.62
59.0,94.79
59.5,94.95
60.0,95.11
60.5,95.27
61.0,95.42
61.5,95.57
62.0,95.72
62.5,95.86
63.0,96.0
63.5,96.14
64.0,96.27
64.5,96.4
65.0,96.53
65.5,96.65
66.0,96.77
66.5,96.88
67.0,97.0
67.5,97.11
68.0,97.22
68.5,97.32
69.0,97.42
69.5,97.52
70.0,97.61
70.5,97.71
71.0,97.8
71.5,97.88
72.0,97.97
72.49,98.05
72.99,98.14
73.49,98.21
73.99,98.29
74.49,98.36
74.99,98.44
75.49,98.51
75.99,98.57
76.49,98.64
76.99,98.7
77.49,98.76
77.99,98.82
78.49,98.88
78.99,98.94
79.49,98.99
79.99,99.04
80.49,99.09
80.99,99.14
81.49,99.19
81.99,99.23
82.49,99.28
82.99,99.32
83.49,99.36
83.99,99.4
84.49,99.44
84.99,99.47
85.49,99.51
85.99,99.54
86.49,99.57
86.99,99.6
87.49,99.63
87.99,99.66
88.49,99.68
88.99,99.71
89.49,99.73
89.99,99.75
90.49,99.78
90.99,99.8
91.49,99.82
91.99,99.84
92.49,99.86
92.99,99.87
93.49,99.89
93.99,99.9
94.49,99.92
94.99,99.93
95.49,99.94
95.99,99.95
96.49,99.96
96.99,99.97
97.49,99.98
97.99,99.98
98.49,99.99
98.99,99.99
99.49,100.0
99.99,100.0
