product_id,product_name,category,revenue,profit,orders,units,customers,discount,gross,lines,returned_lines,profit_margin_pct,aov,avg_discount_pct,return_rate_pct,revenue_share_pct,revenue_rank
P0389,Haveli Audio 515,Electronics,37844312.66,2836742.28,1806,2282,1359,3438041.06,41282353.72,1830,148,7.5,20954.77,8.33,8.09,9.8,1
P0310,Trendo Accessories 219,Electronics,14927225.81,1837076.41,816,1017,688,1411421.97,16338647.78,823,77,12.31,18293.17,8.64,9.36,3.86,2
P0429,Solace Audio 726,Electronics,12075562.36,1515862.42,958,1209,822,1129083.25,13204645.61,968,71,12.55,12604.97,8.55,7.33,3.13,3
P0422,Veltrix Accessories 688,Electronics,10610996.83,464749.96,79,100,79,1011769.29,11622766.12,79,9,4.38,134316.42,8.71,11.39,2.75,4
P0099,Vayu Wearables 419,Electronics,10017178.45,343911.44,392,485,368,997242.89,11014421.34,395,37,3.43,25554.03,9.05,9.37,2.59,5
P0341,Kavya Audio 985,Electronics,7873637.57,411729.25,351,419,328,752325.15,8625962.72,351,27,5.23,22432.02,8.72,7.69,2.04,6
P0175,Pragati Wearables 108,Electronics,7368396.48,1088154.05,391,488,355,682093.48,8050489.96,392,29,14.77,18845.0,8.47,7.4,1.91,7
P0231,UrbanLeaf Smartphones 334,Electronics,6570781.08,283340.87,333,409,317,645834.64,7216615.72,334,33,4.31,19732.08,8.95,9.88,1.7,8
P0269,UrbanLeaf Wearables 980,Electronics,6481117.14,392225.2,308,378,289,589134.79,7070251.93,309,25,6.05,21042.59,8.33,8.09,1.68,9
P0375,Nexora Audio 391,Electronics,4812011.09,481225.45,100,136,99,433263.47,5245274.56,100,9,10.0,48120.11,8.26,9.0,1.25,10
P0350,Zephyr Accessories 759,Electronics,4663290.98,604170.47,112,150,106,395171.29,5058462.27,112,9,12.96,41636.53,7.81,8.04,1.21,11
P0171,Kriti Women Apparel 576,Fashion,4583611.13,2463127.21,985,1258,823,414558.58,4998169.71,993,164,53.74,4653.41,8.29,16.52,1.19,12
P0007,Kavya Team Sports 395,Sports,3812533.77,1281575.94,652,815,573,344170.99,4156704.76,654,45,33.61,5847.44,8.28,6.88,0.99,13
P0091,Haveli Laptops 553,Electronics,3722830.8,157739.14,142,181,137,358378.96,4081209.76,142,15,4.24,26217.12,8.78,10.56,0.96,14
P0281,Kavya Smartphones 272,Electronics,3379375.4,373443.05,98,114,95,336500.89,3715876.29,98,8,11.05,34483.42,9.06,8.16,0.87,15
P0075,Vayu Smartphones 263,Electronics,3315143.96,259402.54,361,468,336,313232.4,3628376.36,361,23,7.82,9183.22,8.63,6.37,0.86,16
P0240,Haveli Accessories 316,Electronics,3171554.94,268707.54,213,269,203,287115.98,3458670.92,213,14,8.47,14889.93,8.3,6.57,0.82,17
P0088,Veltrix Furnishing 509,Home & Kitchen,3149252.47,874101.99,456,588,415,289923.57,3439176.04,456,30,27.76,6906.26,8.43,6.58,0.82,18
P0227,Mitti Audio 850,Electronics,3110250.95,131868.14,659,821,606,301142.21,3411393.16,660,49,4.24,4719.65,8.83,7.42,0.81,19
P0266,Lumio Accessories 994,Electronics,3092207.69,329379.68,341,443,319,299996.1,3392203.79,341,33,10.65,9068.06,8.84,9.68,0.8,20
P0125,Pragati Smartphones 988,Electronics,3078010.07,429111.43,204,257,195,300576.11,3378586.18,204,17,13.94,15088.28,8.9,8.33,0.8,21
P0392,Lumio Smartphones 485,Electronics,3073859.04,158520.9,181,229,173,277068.54,3350927.58,182,16,5.16,16982.65,8.27,8.79,0.8,22
P0451,Haveli Smartphones 761,Electronics,2988074.09,387791.91,96,129,95,287426.93,3275501.02,97,10,12.98,31125.77,8.78,10.31,0.77,23
P0136,Solace Wearables 745,Electronics,2972759.46,342764.26,266,335,259,265953.49,3238712.95,268,23,11.53,11175.79,8.21,8.58,0.77,24
P0069,Trendo Wearables 761,Electronics,2919472.94,445828.52,155,190,154,239782.89,3159255.83,155,13,15.27,18835.31,7.59,8.39,0.76,25
P0188,Ember Laptops 814,Electronics,2810047.24,273739.83,242,302,233,283946.48,3093993.72,242,22,9.74,11611.77,9.18,9.09,0.73,26
P0501,Nexora Team Sports 256,Sports,2787418.43,843710.59,327,418,307,259908.91,3047327.34,328,26,30.27,8524.22,8.53,7.93,0.72,27
P0339,Aarav Wearables 617,Electronics,2756785.83,264138.89,153,187,150,244413.01,3001198.84,153,14,9.58,18018.21,8.14,9.15,0.71,28
P0261,Mitti Audio 738,Electronics,2745994.58,370537.01,99,123,98,268104.76,3014099.34,99,12,13.49,27737.32,8.9,12.12,0.71,29
P0018,UrbanLeaf Laptops 721,Electronics,2724894.34,100724.23,297,370,286,281902.12,3006796.46,299,39,3.7,9174.73,9.38,13.04,0.71,30
P0209,Nexora Smartphones 489,Electronics,2633742.14,269052.94,164,214,160,227804.45,2861546.59,164,20,10.22,16059.4,7.96,12.2,0.68,31
P0416,Vayu Men Apparel 444,Fashion,2599048.89,1152941.1,329,405,310,235248.3,2834297.19,331,49,44.36,7899.84,8.3,14.8,0.67,32
P0164,Aarav Laptops 377,Electronics,2466245.3,232594.0,232,289,218,236401.95,2702647.25,232,24,9.43,10630.37,8.75,10.34,0.64,33
P0109,UrbanLeaf Laptops 166,Electronics,2331034.09,109972.79,289,351,279,210218.98,2541253.07,289,27,4.72,8065.86,8.27,9.34,0.6,34
P0050,Aarav Smartphones 386,Electronics,2197093.72,147776.22,50,65,50,227295.56,2424389.28,50,5,6.73,43941.87,9.38,10.0,0.57,35
P0335,Ember Smartphones 748,Electronics,2187451.79,145405.64,136,163,132,232313.16,2419764.95,136,8,6.65,16084.2,9.6,5.88,0.57,36
P0119,Mitti Storage 577,Home & Kitchen,2155617.2,529637.59,276,346,266,205779.71,2361396.91,276,17,24.57,7810.21,8.71,6.16,0.56,37
P0384,Kavya Cookware 141,Home & Kitchen,2056373.09,655184.49,837,1057,713,183342.19,2239715.28,843,53,31.86,2456.84,8.19,6.29,0.53,38
P0147,Veltrix Ethnic Wear 357,Fashion,2052292.47,751077.53,1504,1915,1183,192046.42,2244338.89,1524,256,36.6,1364.56,8.56,16.8,0.53,39
P0514,Kavya Women Apparel 868,Fashion,2021178.29,950200.24,648,802,582,189851.75,2211030.04,655,129,47.01,3119.1,8.59,19.69,0.52,40
P0511,Kriti Audio 335,Electronics,1973080.25,166041.98,107,136,103,173067.82,2146148.07,107,7,8.42,18440.0,8.06,6.54,0.51,41
P0449,Veltrix Wearables 397,Electronics,1930330.75,85790.87,163,201,157,169068.95,2099399.7,163,13,4.44,11842.52,8.05,7.98,0.5,42
P0287,Nexora Audio 188,Electronics,1864145.77,196556.7,63,82,63,193132.85,2057278.62,63,8,10.54,29589.62,9.39,12.7,0.48,43
P0060,Trendo Wearables 544,Electronics,1841657.81,255619.38,84,108,82,179141.19,2020799.0,84,9,13.88,21924.5,8.86,10.71,0.48,44
P0415,Kavya Audio 384,Electronics,1836178.57,140067.33,126,162,123,186816.37,2022994.94,126,12,7.63,14572.85,9.23,9.52,0.48,45
P0458,Kavya Furnishing 361,Home & Kitchen,1788976.96,688762.65,429,541,396,183574.76,1972551.72,431,28,38.5,4170.11,9.31,6.5,0.46,46
P0409,Solace Audio 143,Electronics,1769226.59,170690.63,108,130,104,174258.22,1943484.81,109,5,9.65,16381.73,8.97,4.59,0.46,47
P0150,Solace Laptops 506,Electronics,1713852.28,113813.96,146,183,143,176673.24,1890525.52,146,20,6.64,11738.71,9.35,13.7,0.44,48
P0474,Veltrix Accessories 195,Electronics,1711281.83,111267.95,220,278,208,165410.99,1876692.82,220,20,6.5,7778.55,8.81,9.09,0.44,49
P0294,UrbanLeaf Wearables 107,Electronics,1705015.0,65100.9,115,138,113,166899.94,1871914.94,115,10,3.82,14826.22,8.92,8.7,0.44,50
P0123,Orbit Audio 691,Electronics,1677789.18,113887.13,59,72,59,170805.0,1848594.18,59,5,6.79,28437.1,9.24,8.47,0.43,51
P0085,Orbit Accessories 471,Electronics,1653124.36,163500.27,152,188,148,168141.64,1821266.0,153,12,9.89,10875.82,9.23,7.84,0.43,52
P0424,UrbanLeaf Laptops 529,Electronics,1603712.5,197206.3,101,135,96,142782.35,1746494.85,101,14,12.3,15878.34,8.18,13.86,0.42,53
P0154,Ember Cookware 259,Home & Kitchen,1585456.92,508508.8,279,343,256,153854.63,1739311.55,279,12,32.07,5682.64,8.85,4.3,0.41,54
P0410,Solace Staples 780,Grocery,1584156.39,244090.29,1624,4283,1276,144138.2,1728294.59,1642,23,15.41,975.47,8.34,1.4,0.41,55
P0290,Orbit Accessories 658,Electronics,1539954.47,103686.25,96,115,93,140018.61,1679973.08,96,6,6.73,16041.19,8.33,6.25,0.4,56
P0289,Orbit Cookware 268,Home & Kitchen,1522970.66,384124.15,334,406,314,148110.18,1671080.84,334,31,25.22,4559.79,8.86,9.28,0.39,57
P0230,UrbanLeaf Smartphones 938,Electronics,1483287.93,206997.02,188,231,178,121381.25,1604669.18,188,16,13.96,7889.83,7.56,8.51,0.38,58
P0407,Mitti Ethnic Wear 412,Fashion,1438269.7,563965.21,387,503,361,131118.32,1569388.02,387,68,39.21,3716.46,8.35,17.57,0.37,59
P0155,Nexora Laptops 391,Electronics,1410989.73,164794.64,78,100,76,117458.02,1528447.75,78,7,11.68,18089.61,7.68,8.97,0.37,60
P0437,Nexora Smartphones 240,Electronics,1385842.82,156481.37,110,139,107,147740.07,1533582.89,110,7,11.29,12598.57,9.63,6.36,0.36,61
P0072,Kavya Appliances 154,Home & Kitchen,1382766.85,394278.65,537,690,482,128765.08,1511531.93,540,37,28.51,2574.98,8.52,6.85,0.36,62
P0395,Lumio Laptops 715,Electronics,1370445.97,95201.67,208,265,199,127450.45,1497896.42,209,13,6.95,6588.68,8.51,6.22,0.35,63
P0193,Zephyr Laptops 432,Electronics,1370418.3,120093.49,101,123,99,126188.08,1496606.38,101,6,8.76,13568.5,8.43,5.94,0.35,64
P0457,Mitti Snacks 899,Grocery,1369486.74,194174.35,568,1508,513,127576.91,1497063.65,572,9,14.18,2411.07,8.52,1.57,0.35,65
P0259,Vayu Smartphones 121,Electronics,1368308.22,94920.48,35,48,35,139909.31,1508217.53,35,5,6.94,39094.52,9.28,14.29,0.35,66
P0273,Mitti Wearables 856,Electronics,1362658.23,86395.86,123,160,118,115330.49,1477988.72,123,9,6.34,11078.52,7.8,7.32,0.35,67
P0124,Zephyr Cookware 599,Home & Kitchen,1323493.44,454514.63,425,535,388,121415.97,1444909.41,426,36,34.34,3114.1,8.4,8.45,0.34,68
P0084,Kriti Accessories 408,Electronics,1300408.29,154129.05,87,114,86,130268.56,1430676.85,87,8,11.85,14947.22,9.11,9.2,0.34,69
P0316,UrbanLeaf Ethnic Wear 956,Fashion,1284572.53,619022.03,620,755,551,123008.64,1407581.17,622,107,48.19,2071.89,8.74,17.2,0.33,70
P0237,Orbit Storage 785,Home & Kitchen,1276536.12,312918.08,324,413,305,118997.32,1395533.44,324,27,24.51,3939.93,8.53,8.33,0.33,71
P0317,Kriti Ethnic Wear 285,Fashion,1260222.95,514856.07,1164,1442,932,113961.37,1374184.32,1176,191,40.85,1082.67,8.29,16.24,0.33,72
P0244,Kriti Cookware 491,Home & Kitchen,1227936.26,422615.83,532,650,495,109473.44,1337409.7,532,35,34.42,2308.15,8.19,6.58,0.32,73
P0128,Aarav Accessories 751,Electronics,1225485.88,93236.92,53,71,53,137202.28,1362688.16,53,3,7.61,23122.38,10.07,5.66,0.32,74
P0082,Veltrix Decor 243,Home & Kitchen,1224582.47,413186.35,428,544,404,107210.62,1331793.09,428,26,33.74,2861.17,8.05,6.07,0.32,75
P0129,Haveli Laptops 726,Electronics,1215089.82,132284.94,123,150,122,114752.04,1329841.86,123,12,10.89,9878.78,8.63,9.76,0.31,76
P0221,UrbanLeaf Ethnic Wear 279,Fashion,1194629.94,443977.27,608,775,541,112451.76,1307081.7,613,100,37.16,1964.85,8.6,16.31,0.31,77
P0005,Aarav Wearables 475,Electronics,1183759.9,152154.9,62,74,62,111265.72,1295025.62,62,9,12.85,19092.9,8.59,14.52,0.31,78
P0455,Kriti Wearables 898,Electronics,1180662.19,175058.74,188,218,185,104658.45,1285320.64,188,21,14.83,6280.12,8.14,11.17,0.31,79
P0029,Nexora Laptops 431,Electronics,1179765.1,164849.43,523,632,481,113332.25,1293097.35,526,44,13.97,2255.77,8.76,8.37,0.31,80
P0176,Vayu Audio 855,Electronics,1175053.96,146243.62,81,97,80,115482.88,1290536.84,81,11,12.45,14506.84,8.95,13.58,0.3,81
P0494,Nexora Accessories 150,Fashion,1157473.44,432802.99,547,674,508,114042.92,1271516.36,548,88,37.39,2116.04,8.97,16.06,0.3,82
P0359,Kriti Cookware 532,Home & Kitchen,1148445.79,336367.59,206,261,201,116058.63,1264504.42,206,24,29.29,5574.98,9.18,11.65,0.3,83
P0286,Vayu Appliances 165,Home & Kitchen,1117259.89,294828.02,208,264,202,97096.55,1214356.44,209,16,26.39,5371.44,8.0,7.66,0.29,84
P0379,Lumio Accessories 791,Fashion,1109474.75,544245.29,685,833,613,104595.96,1214070.71,689,117,49.05,1619.67,8.62,16.98,0.29,85
P0510,Ember Smartphones 675,Electronics,1107020.96,90365.54,94,114,93,109425.73,1216446.69,94,11,8.16,11776.82,9.0,11.7,0.29,86
P0067,Ember Decor 233,Home & Kitchen,1087130.24,285508.14,202,257,197,105806.71,1192936.95,202,12,26.26,5381.83,8.87,5.94,0.28,87
P0293,UrbanLeaf Personal Care 327,Grocery,1086295.24,124030.27,959,2479,821,104430.62,1190725.86,963,14,11.42,1132.74,8.77,1.45,0.28,88
P0218,Kriti Wearables 942,Electronics,1072552.52,68171.68,80,91,80,90636.91,1163189.43,80,9,6.36,13406.91,7.79,11.25,0.28,89
P0028,Aarav Laptops 499,Electronics,1037384.57,37272.53,165,212,159,108915.31,1146299.88,165,13,3.59,6287.18,9.5,7.88,0.27,90
P0275,UrbanLeaf Fitness 790,Sports,1034600.35,274193.79,603,771,536,97811.78,1132412.13,605,45,26.5,1715.76,8.64,7.44,0.27,91
P0302,Nexora Wearables 879,Electronics,1027561.15,46675.76,102,136,99,94073.32,1121634.47,102,3,4.54,10074.13,8.39,2.94,0.27,92
P0089,Ember Laptops 937,Electronics,1024618.26,62350.99,83,113,82,104894.18,1129512.44,84,8,6.09,12344.8,9.29,9.52,0.27,93
P0009,Kavya Laptops 668,Electronics,1011942.96,145092.56,142,177,139,93078.23,1105021.19,142,14,14.34,7126.36,8.42,9.86,0.26,94
P0337,Solace Laptops 503,Electronics,976350.04,49903.04,43,50,43,78153.64,1054503.68,43,5,5.11,22705.81,7.41,11.63,0.25,95
P0165,UrbanLeaf Furnishing 964,Home & Kitchen,972570.67,272060.3,688,871,607,84450.24,1057020.91,694,50,27.97,1413.62,7.99,7.2,0.25,96
P0404,Haveli Smartphones 787,Electronics,963806.16,59029.26,84,104,82,87477.64,1051283.8,84,7,6.12,11473.88,8.32,8.33,0.25,97
P0472,Veltrix Appliances 223,Home & Kitchen,959113.38,301055.3,174,229,165,86842.2,1045955.58,174,16,31.39,5512.15,8.3,9.2,0.25,98
P0207,Trendo Accessories 892,Electronics,929589.44,128608.16,112,144,110,81955.84,1011545.28,112,6,13.83,8299.91,8.1,5.36,0.24,99
P0270,Vayu Accessories 998,Electronics,905979.31,74638.85,70,90,70,74639.8,980619.11,70,2,8.24,12942.56,7.61,2.86,0.23,100
P0362,Solace Audio 120,Electronics,892384.89,59421.48,145,176,141,83768.76,976153.65,145,21,6.66,6154.38,8.58,14.48,0.23,101
P0153,Ember Smartphones 714,Electronics,883171.7,115183.35,89,108,86,89557.29,972728.99,89,7,13.04,9923.28,9.21,7.87,0.23,102
P0215,Haveli Outdoor 283,Sports,882581.32,342806.48,341,412,327,89314.4,971895.72,342,26,38.84,2588.22,9.19,7.6,0.23,103
P0460,Haveli Fragrance 338,Beauty,872966.15,369211.57,314,399,293,80722.6,953688.75,315,21,42.29,2780.15,8.46,6.67,0.23,104
P0115,Zephyr Men Apparel 693,Fashion,868941.02,387702.32,479,593,431,83818.18,952759.2,481,91,44.62,1814.07,8.8,18.92,0.22,105
P0470,Solace Storage 584,Home & Kitchen,854521.53,210073.38,151,186,144,79743.98,934265.51,151,10,24.58,5659.08,8.54,6.62,0.22,106
P0127,Ember Women Apparel 454,Fashion,834378.18,345503.8,176,229,168,74036.63,908414.81,176,23,41.41,4740.79,8.15,13.07,0.22,107
P0519,UrbanLeaf Accessories 372,Electronics,829514.3,89393.29,48,60,48,78473.01,907987.31,48,2,10.78,17281.55,8.64,4.17,0.21,108
P0017,Vayu Decor 107,Home & Kitchen,821079.27,305372.4,362,459,336,73274.1,894353.37,363,22,37.19,2268.17,8.19,6.06,0.21,109
P0348,Kavya Ethnic Wear 226,Fashion,812420.93,350311.76,290,379,271,66789.76,879210.69,290,44,43.12,2801.45,7.6,15.17,0.21,110
P0469,Vayu Audio 573,Electronics,811402.04,99394.09,227,272,218,73380.0,884782.04,227,20,12.25,3574.46,8.29,8.81,0.21,111
P0161,Kriti Wearables 158,Electronics,791752.03,101287.15,75,99,74,77099.81,868851.84,75,6,12.79,10556.69,8.87,8.0,0.2,112
P0373,Haveli Ethnic Wear 482,Fashion,781813.23,384306.1,586,730,513,73523.41,855336.64,587,119,49.16,1334.15,8.6,20.27,0.2,113
P0213,Ember Footwear 472,Fashion,776407.66,312231.08,403,512,384,68416.82,844824.48,404,69,40.21,1926.57,8.1,17.08,0.2,114
P0202,Trendo Personal Care 704,Grocery,772347.5,133321.79,584,1541,520,73884.12,846231.62,587,7,17.26,1322.51,8.73,1.19,0.2,115
P0378,Veltrix Storage 391,Home & Kitchen,771674.29,184207.81,258,332,246,78049.34,849723.63,258,26,23.87,2990.99,9.19,10.08,0.2,116
P0059,UrbanLeaf Audio 399,Electronics,770072.66,54632.58,273,348,247,73284.42,843357.08,274,27,7.09,2820.78,8.69,9.85,0.2,117
P0459,Vayu Fiction 786,Books,765541.65,177457.66,1181,1469,994,71251.98,836793.63,1196,35,23.18,648.21,8.51,2.93,0.2,118
P0199,Nexora Ethnic Wear 174,Fashion,764660.13,336085.76,184,236,178,75638.96,840299.09,185,30,43.95,4155.76,9.0,16.22,0.2,119
P0032,Lumio Staples 955,Grocery,741867.87,157486.47,1037,2783,865,69139.61,811007.48,1048,16,21.23,715.4,8.53,1.53,0.19,120
P0204,Ember Smartphones 937,Electronics,721957.71,96351.39,117,150,111,61262.51,783220.22,117,13,13.35,6170.58,7.82,11.11,0.19,121
P0413,Kriti Audio 106,Electronics,706923.66,26330.94,58,74,58,69142.9,776066.56,58,3,3.72,12188.34,8.91,5.17,0.18,122
P0098,Solace Laptops 371,Electronics,706559.87,38503.58,80,99,79,73441.99,780001.86,80,6,5.45,8832.0,9.42,7.5,0.18,123
P0105,Ember Team Sports 753,Sports,701605.81,175500.69,73,89,73,67083.09,768688.9,73,5,25.01,9611.04,8.73,6.85,0.18,124
P0140,Pragati Audio 462,Electronics,699731.99,81526.65,134,158,132,68778.18,768510.17,134,11,11.65,5221.88,8.95,8.21,0.18,125
P0513,UrbanLeaf Wearables 879,Electronics,696517.94,66976.42,75,87,74,67001.34,763519.28,75,5,9.62,9286.91,8.78,6.67,0.18,126
P0419,Vayu Women Apparel 334,Fashion,695894.51,353897.47,393,493,371,64505.27,760399.78,398,61,50.86,1770.72,8.48,15.33,0.18,127
P0195,Orbit Audio 801,Electronics,674802.52,78232.94,59,72,58,69556.22,744358.74,59,4,11.59,11437.33,9.34,6.78,0.17,128
P0062,Vayu Cookware 834,Home & Kitchen,674325.23,248584.65,275,349,255,61932.95,736258.18,275,21,36.86,2452.09,8.41,7.64,0.17,129
P0271,UrbanLeaf Audio 604,Electronics,674028.86,31815.82,108,139,105,58713.15,732742.01,109,10,4.72,6241.01,8.01,9.17,0.17,130
P0504,Haveli Decor 653,Home & Kitchen,669053.8,246241.88,170,206,161,65073.08,734126.88,170,7,36.8,3935.61,8.86,4.12,0.17,131
P0233,Kriti Beverages 200,Grocery,663445.96,109405.45,402,1062,362,60580.85,724026.81,402,2,16.49,1650.36,8.37,0.5,0.17,132
P0438,Pragati Storage 906,Home & Kitchen,661245.67,243250.44,215,263,210,61660.53,722906.2,216,15,36.79,3075.56,8.53,6.94,0.17,133
P0146,Mitti Footwear 729,Fashion,660412.39,339860.47,168,221,161,64597.87,725010.26,171,32,51.46,3931.03,8.91,18.71,0.17,134
P0475,Orbit Men Apparel 153,Fashion,643151.95,262873.7,396,495,372,59539.4,702691.35,397,64,40.87,1624.12,8.47,16.12,0.17,135
P0364,Orbit Audio 690,Electronics,639691.25,34726.73,200,253,191,58916.27,698607.52,201,12,5.43,3198.46,8.43,5.97,0.17,136
P0515,Vayu Ethnic Wear 835,Fashion,630431.93,328604.71,456,566,422,55686.83,686118.76,457,71,52.12,1382.53,8.12,15.54,0.16,137
P0338,Vayu Cycling 133,Sports,630275.38,219250.02,173,232,168,65938.83,696214.21,174,16,34.79,3643.21,9.47,9.2,0.16,138
P0034,Pragati Ethnic Wear 571,Fashion,618424.4,242941.02,743,932,652,56355.96,674780.36,745,123,39.28,832.33,8.35,16.51,0.16,139
P0241,Pragati Academic 115,Books,618016.68,113879.29,1022,1270,855,56679.28,674695.96,1024,34,18.43,604.71,8.4,3.32,0.16,140
P0112,Ember Men Apparel 231,Fashion,616706.45,232084.89,198,248,191,55106.83,671813.28,198,29,37.63,3114.68,8.2,14.65,0.16,141
P0216,Ember Outdoor 282,Sports,616198.52,243857.02,50,62,50,53408.2,669606.72,50,5,39.57,12323.97,7.98,10.0,0.16,142
P0159,Aarav Outdoor 303,Sports,615693.7,244835.92,697,909,487,49027.22,664720.92,726,64,39.77,883.35,7.38,8.82,0.16,143
P0369,Kriti Men Apparel 131,Fashion,615233.05,240936.39,352,438,330,59378.53,674611.58,353,61,39.16,1747.82,8.8,17.28,0.16,144
P0001,Kriti Team Sports 315,Sports,612666.4,221110.54,103,136,100,70626.74,683293.14,103,4,36.09,5948.22,10.34,3.88,0.16,145
P0324,Zephyr Furnishing 935,Home & Kitchen,610965.38,150790.73,118,145,117,56733.36,667698.74,118,6,24.68,5177.67,8.5,5.08,0.16,146
P0004,Haveli Cycling 706,Sports,607382.31,240065.41,294,371,277,58521.0,665903.31,294,25,39.52,2065.93,8.79,8.5,0.16,147
P0376,Mitti Wearables 284,Electronics,606663.76,59856.27,50,67,48,49732.53,656396.29,50,2,9.87,12133.28,7.58,4.0,0.16,148
P0283,Solace Men Apparel 561,Fashion,604423.83,226806.35,381,467,355,56893.12,661316.95,381,63,37.52,1586.41,8.6,16.54,0.16,149
P0148,Kavya Decor 889,Home & Kitchen,596956.53,176111.73,102,118,102,57595.97,654552.5,103,8,29.5,5852.52,8.8,7.77,0.15,150
P0396,Trendo Furnishing 842,Home & Kitchen,578517.38,178622.51,220,271,211,58386.5,636903.88,220,19,30.88,2629.62,9.17,8.64,0.15,151
P0228,Nexora Cookware 354,Home & Kitchen,565306.62,207087.06,163,219,161,51384.93,616691.55,165,10,36.63,3468.14,8.33,6.06,0.15,152
P0319,Lumio Accessories 355,Fashion,564845.29,247614.45,188,236,186,58783.29,623628.58,189,43,43.84,3004.5,9.43,22.75,0.15,153
P0296,Zephyr Beverages 637,Grocery,546932.04,108384.45,348,901,328,52020.84,598952.88,348,3,19.82,1571.64,8.69,0.86,0.14,154
P0055,UrbanLeaf Outdoor 307,Sports,539958.61,181130.81,174,226,165,49133.79,589092.4,174,12,33.55,3103.21,8.34,6.9,0.14,155
P0137,Haveli Beverages 584,Grocery,535189.72,111329.95,809,2100,712,51052.34,586242.06,816,8,20.8,661.54,8.71,0.98,0.14,156
P0398,Solace Ethnic Wear 782,Fashion,522835.37,273331.59,403,521,367,47697.29,570532.66,405,64,52.28,1297.36,8.36,15.8,0.14,157
P0025,Orbit Cycling 367,Sports,511582.45,194326.39,381,472,346,46401.43,557983.88,382,26,37.99,1342.74,8.32,6.81,0.13,158
P0368,Zephyr Haircare 559,Beauty,507790.51,235335.52,683,861,609,45122.96,552913.47,686,39,46.35,743.47,8.16,5.69,0.13,159
P0374,Lumio Ethnic Wear 782,Fashion,484955.3,206906.64,692,883,614,45455.08,530410.38,695,109,42.67,700.8,8.57,15.68,0.13,160
P0277,UrbanLeaf Men Apparel 766,Fashion,484765.22,220305.0,403,504,373,47661.06,532426.28,405,74,45.45,1202.89,8.95,18.27,0.13,161
P0048,Zephyr Ethnic Wear 629,Fashion,482452.71,179120.7,205,262,196,41298.71,523751.42,207,33,37.13,2353.43,7.89,15.94,0.12,162
P0282,Vayu Women Apparel 640,Fashion,481651.38,238960.04,402,492,365,43012.5,524663.88,402,68,49.61,1198.14,8.2,16.92,0.12,163
P0268,Ember Wearables 102,Electronics,478961.88,27034.5,65,76,63,44458.54,523420.42,65,5,5.64,7368.64,8.49,7.69,0.12,164
P0388,Ember Personal Care 279,Grocery,475350.83,81740.48,698,1858,623,43117.81,518468.64,702,7,17.2,681.02,8.32,1.0,0.12,165
P0503,Haveli Staples 223,Grocery,459234.95,80154.61,281,687,262,44543.17,503778.12,282,4,17.45,1634.29,8.84,1.42,0.12,166
P0126,Vayu Appliances 254,Home & Kitchen,454488.98,134741.82,274,338,260,38187.2,492676.18,275,15,29.65,1658.72,7.75,5.45,0.12,167
P0131,Pragati Men Apparel 897,Fashion,453409.9,245489.18,189,231,168,37940.55,491350.45,189,32,54.14,2398.99,7.72,16.93,0.12,168
P0090,Haveli Storage 613,Home & Kitchen,446110.37,130609.78,150,194,144,45849.62,491959.99,150,12,29.28,2974.07,9.32,8.0,0.12,169
P0177,Zephyr Cookware 526,Home & Kitchen,445716.01,112008.59,94,116,93,37686.77,483402.78,94,3,25.13,4741.66,7.8,3.19,0.12,170
P0033,Pragati Women Apparel 729,Fashion,445666.25,206395.78,216,269,211,48473.4,494139.65,216,32,46.31,2063.27,9.81,14.81,0.12,171
P0052,Veltrix Wearables 614,Electronics,442595.76,53834.63,80,105,77,40572.8,483168.56,80,5,12.16,5532.45,8.4,6.25,0.11,172
P0074,Ember Footwear 614,Fashion,440297.53,226870.9,162,204,158,44424.32,484721.85,163,31,51.53,2717.89,9.16,19.02,0.11,173
P0442,Nexora Wearables 908,Electronics,438161.3,63022.08,164,212,159,40139.61,478300.91,164,19,14.38,2671.72,8.39,11.59,0.11,174
P0423,Trendo Laptops 762,Electronics,436622.99,44784.52,89,109,89,38191.78,474814.77,89,5,10.26,4905.88,8.04,5.62,0.11,175
P0211,Nexora Fitness 937,Sports,435139.09,135414.74,110,133,105,41873.37,477012.46,110,5,31.12,3955.81,8.78,4.55,0.11,176
P0493,Pragati Makeup 743,Beauty,425637.52,159076.24,370,471,350,38454.08,464091.6,372,20,37.37,1150.37,8.29,5.38,0.11,177
P0117,Kavya Cycling 602,Sports,425550.18,146097.27,152,192,148,39267.0,464817.18,153,7,34.33,2799.67,8.45,4.58,0.11,178
P0110,Mitti Staples 505,Grocery,422318.98,55683.95,543,1403,492,45453.36,467772.34,546,6,13.19,777.75,9.72,1.1,0.11,179
P0192,Haveli Ethnic Wear 971,Fashion,420718.73,194263.59,669,862,604,39405.2,460123.93,672,121,46.17,628.88,8.56,18.01,0.11,180
P0190,Kriti Ethnic Wear 699,Fashion,417256.32,200032.88,479,616,426,37764.2,455020.52,481,81,47.94,871.1,8.3,16.84,0.11,181
P0417,Nexora Laptops 111,Electronics,411615.94,28441.68,96,111,95,33113.22,444729.16,96,9,6.91,4287.67,7.45,9.38,0.11,182
P0485,Lumio Laptops 753,Electronics,405346.65,42233.61,74,93,73,40815.27,446161.92,74,7,10.42,5477.66,9.15,9.46,0.1,183
P0234,UrbanLeaf Haircare 863,Beauty,405018.28,143589.23,306,391,288,36693.8,441712.08,306,17,35.45,1323.59,8.31,5.56,0.1,184
P0239,Haveli Accessories 560,Electronics,401633.43,36527.36,245,313,231,38982.53,440615.96,245,16,9.09,1639.32,8.85,6.53,0.1,185
P0036,Solace Men Apparel 710,Fashion,380863.07,194300.68,287,345,271,33704.26,414567.33,287,49,51.02,1327.05,8.13,17.07,0.1,186
P0142,Mitti Decor 662,Home & Kitchen,380785.82,120746.17,156,204,152,37221.83,418007.65,158,8,31.71,2440.93,8.9,5.06,0.1,187
P0041,Veltrix Cookware 371,Home & Kitchen,380040.84,151350.69,105,139,102,33766.01,413806.85,105,10,39.82,3619.44,8.16,9.52,0.1,188
P0178,UrbanLeaf Snacks 370,Grocery,379237.19,69526.14,161,421,161,36251.07,415488.26,162,0,18.33,2355.51,8.72,0.0,0.1,189
P0220,Zephyr Storage 359,Home & Kitchen,378364.35,92011.88,86,106,84,33467.85,411832.2,86,8,24.32,4399.59,8.13,9.3,0.1,190
P0265,Vayu Staples 773,Grocery,375306.25,56264.01,297,754,280,37849.51,413155.76,298,3,14.99,1263.66,9.16,1.01,0.1,191
P0358,Vayu Fiction 809,Books,375071.24,94777.32,957,1204,822,35588.5,410659.74,968,34,25.27,391.92,8.67,3.51,0.1,192
P0189,Kavya Outdoor 982,Sports,373130.7,137971.5,122,155,119,33030.93,406161.63,123,6,36.98,3058.45,8.13,4.88,0.1,193
P0133,Pragati Fragrance 788,Beauty,372493.95,172206.56,520,635,463,35197.28,407691.23,522,32,46.23,716.33,8.63,6.13,0.1,194
P0138,Vayu Storage 258,Home & Kitchen,370356.5,119326.82,74,96,74,36767.74,407124.24,74,4,32.22,5004.82,9.03,5.41,0.1,195
P0217,Solace Audio 379,Electronics,369181.11,53113.19,38,46,38,33703.62,402884.73,38,6,14.39,9715.29,8.37,15.79,0.1,196
P0068,Mitti Footwear 563,Fashion,367525.23,184826.6,192,227,183,34349.67,401874.9,192,40,50.29,1914.19,8.55,20.83,0.1,197
P0435,Aarav Smartphones 637,Electronics,364759.63,23337.13,60,74,59,29067.23,393826.86,60,4,6.4,6079.33,7.38,6.67,0.09,198
P0321,Pragati Beverages 775,Grocery,359216.79,71288.3,557,1461,501,35411.43,394628.22,559,12,19.85,644.91,8.97,2.15,0.09,199
P0035,Kriti Storage 503,Home & Kitchen,355301.39,106181.96,231,289,221,34835.21,390136.6,233,24,29.89,1538.1,8.93,10.3,0.09,200
P0027,Ember Appliances 684,Home & Kitchen,348049.06,95248.18,111,133,109,29800.74,377849.8,111,5,27.37,3135.58,7.89,4.5,0.09,201
P0427,Vayu Footwear 943,Fashion,346012.82,168088.85,248,301,239,31564.34,377577.16,248,34,48.58,1395.21,8.36,13.71,0.09,202
P0210,Kavya Furnishing 810,Home & Kitchen,344872.75,115943.42,241,310,236,32578.75,377451.5,242,20,33.62,1431.01,8.63,8.26,0.09,203
P0420,Lumio Staples 523,Grocery,343477.05,51045.47,298,745,281,32616.69,376093.74,299,4,14.86,1152.61,8.67,1.34,0.09,204
P0499,Kavya Footwear 951,Fashion,338107.43,130347.44,176,219,173,29999.62,368107.05,177,27,38.55,1921.06,8.15,15.25,0.09,205
P0232,Pragati Storage 875,Home & Kitchen,336590.52,91949.94,103,128,99,28495.94,365086.46,103,9,27.32,3267.87,7.81,8.74,0.09,206
P0381,Zephyr Appliances 813,Home & Kitchen,331605.98,123924.56,110,137,107,31465.5,363071.48,110,9,37.37,3014.6,8.67,8.18,0.09,207
P0196,Mitti Ethnic Wear 972,Fashion,326719.91,128087.29,224,277,209,32934.35,359654.26,224,44,39.2,1458.57,9.16,19.64,0.08,208
P0444,Zephyr Women Apparel 807,Fashion,323029.34,157077.94,112,139,107,28604.22,351633.56,112,18,48.63,2884.19,8.13,16.07,0.08,209
P0077,Kriti Accessories 240,Fashion,319612.75,138628.67,217,280,202,31600.4,351213.15,217,34,43.37,1472.87,9.0,15.67,0.08,210
P0122,Pragati Fragrance 682,Beauty,316734.45,113269.26,379,483,346,29135.68,345870.13,382,27,35.76,835.71,8.42,7.07,0.08,211
P0031,Orbit Team Sports 916,Sports,316004.92,124108.07,87,117,86,28300.37,344305.29,88,6,39.27,3632.24,8.22,6.82,0.08,212
P0433,Haveli Team Sports 819,Sports,314244.51,73758.72,86,110,85,30288.23,344532.74,86,10,23.47,3654.01,8.79,11.63,0.08,213
P0340,Haveli Snacks 481,Grocery,314177.04,52144.92,167,452,160,29084.58,343261.62,167,2,16.6,1881.3,8.47,1.2,0.08,214
P0191,Haveli Snacks 821,Grocery,308621.45,24508.4,339,876,318,29415.46,338036.91,339,4,7.94,910.39,8.7,1.18,0.08,215
P0448,Vayu Makeup 123,Beauty,303060.13,150265.0,336,414,316,29065.37,332125.5,336,20,49.58,901.96,8.75,5.95,0.08,216
P0473,Vayu Accessories 775,Electronics,292000.59,35706.39,71,90,70,28447.11,320447.7,71,10,12.23,4112.68,8.88,14.08,0.08,217
P0267,Solace Ethnic Wear 771,Fashion,290786.13,148390.55,145,185,137,24785.27,315571.4,145,25,51.03,2005.42,7.85,17.24,0.08,218
P0412,Kavya Skincare 595,Beauty,288190.43,120320.31,110,134,107,25662.09,313852.52,110,3,41.75,2619.91,8.18,2.73,0.07,219
P0250,Solace Appliances 754,Home & Kitchen,285154.71,72360.14,87,104,84,26667.26,311821.97,87,5,25.38,3277.64,8.55,5.75,0.07,220
P0288,Mitti Footwear 242,Fashion,284409.66,112298.13,185,228,180,31427.97,315837.63,185,33,39.48,1537.35,9.95,17.84,0.07,221
P0026,Mitti Footwear 872,Fashion,283903.74,103637.88,256,317,244,28147.34,312051.08,257,34,36.5,1109.0,9.02,13.23,0.07,222
P0297,Vayu Beverages 639,Grocery,283824.58,28989.62,293,747,276,26038.58,309863.16,293,2,10.21,968.68,8.4,0.68,0.07,223
P0037,Trendo Wearables 579,Electronics,277778.93,14294.17,95,121,91,28334.13,306113.06,95,6,5.15,2923.99,9.26,6.32,0.07,224
P0071,Orbit Women Apparel 232,Fashion,276641.66,106699.42,78,98,77,25529.78,302171.44,78,15,38.57,3546.69,8.45,19.23,0.07,225
P0095,Solace Women Apparel 530,Fashion,275306.92,140601.46,108,134,108,24221.42,299528.34,108,11,51.07,2549.14,8.09,10.19,0.07,226
P0292,Lumio Audio 963,Electronics,269802.69,14816.09,29,36,28,27145.79,296948.48,29,2,5.49,9303.54,9.14,6.9,0.07,227
P0454,Solace Accessories 990,Fashion,269505.09,142502.1,81,105,81,25423.61,294928.7,81,16,52.88,3327.22,8.62,19.75,0.07,228
P0418,Aarav Team Sports 440,Sports,269363.9,78817.8,146,187,142,24036.4,293400.3,146,9,29.26,1844.96,8.19,6.16,0.07,229
P0263,Aarav Ethnic Wear 740,Fashion,268125.43,139563.73,347,436,321,25812.65,293938.08,348,64,52.05,772.7,8.78,18.39,0.07,230
P0081,Nexora Fragrance 484,Beauty,266644.84,112592.29,532,670,479,25099.08,291743.92,535,32,42.23,501.21,8.6,5.98,0.07,231
P0491,Vayu Cycling 991,Sports,265575.0,83594.96,137,163,134,24054.54,289629.54,137,10,31.48,1938.5,8.31,7.3,0.07,232
P0185,Aarav Team Sports 288,Sports,264633.12,104544.92,73,92,72,22970.76,287603.88,73,6,39.51,3625.11,7.99,8.22,0.07,233
P0432,Aarav Outdoor 416,Sports,263981.02,71158.44,209,251,200,24220.26,288201.28,209,17,26.96,1263.07,8.4,8.13,0.07,234
P0487,Nexora Appliances 244,Home & Kitchen,263741.42,95693.64,119,143,117,26519.34,290260.76,119,7,36.28,2216.31,9.14,5.88,0.07,235
P0086,Orbit Smartphones 953,Electronics,260572.59,14343.84,165,202,159,26309.13,286881.72,165,9,5.5,1579.23,9.17,5.45,0.07,236
P0040,Vayu Haircare 192,Beauty,254713.7,122850.99,116,149,113,25752.8,280466.5,116,7,48.23,2195.81,9.18,6.03,0.07,237
P0315,Kavya Men Apparel 479,Fashion,254378.52,126673.39,269,338,260,22211.82,276590.34,269,40,49.8,945.65,8.03,14.87,0.07,238
P0163,Haveli Footwear 394,Fashion,252952.27,125638.21,76,92,74,23102.23,276054.5,76,6,49.67,3328.32,8.37,7.89,0.07,239
P0149,Ember Appliances 629,Home & Kitchen,251018.0,94226.87,100,118,98,23717.1,274735.1,100,5,37.54,2510.18,8.63,5.0,0.06,240
P_UNKNOWN,Unknown Product,Unknown,250905.26,50776.93,84,113,83,23211.99,274117.25,84,7,20.24,2986.97,8.47,8.33,0.06,241
P0107,Zephyr Cookware 220,Home & Kitchen,245594.85,66274.75,185,235,178,27534.77,273129.62,186,14,26.99,1327.54,10.08,7.53,0.06,242
P0012,Pragati Beverages 651,Grocery,244711.26,25728.43,301,837,287,22601.01,267312.27,301,7,10.51,812.99,8.45,2.33,0.06,243
P0132,UrbanLeaf Personal Care 775,Grocery,243906.57,23007.51,372,952,338,21630.74,265537.31,374,1,9.43,655.66,8.15,0.27,0.06,244
P0331,Trendo Fitness 360,Sports,243053.51,81399.37,164,199,159,21155.13,264208.64,166,16,33.49,1482.03,8.01,9.64,0.06,245
P0092,UrbanLeaf Fitness 791,Sports,242565.43,81543.98,125,155,119,21788.09,264353.52,125,8,33.62,1940.52,8.24,6.4,0.06,246
P0249,Veltrix Footwear 354,Fashion,242076.64,124660.5,371,472,342,21949.34,264025.98,371,58,51.5,652.5,8.31,15.63,0.06,247
P0517,Ember Footwear 569,Fashion,237485.49,99747.13,126,151,119,23985.94,261471.43,126,19,42.0,1884.81,9.17,15.08,0.06,248
P0047,Solace Men Apparel 625,Fashion,236969.29,93788.58,112,147,110,24922.14,261891.43,112,20,39.58,2115.8,9.52,17.86,0.06,249
P0061,Orbit Fragrance 386,Beauty,236541.63,118678.75,309,402,293,21302.03,257843.66,310,20,50.17,765.51,8.26,6.45,0.06,250
P0425,Veltrix Makeup 192,Beauty,233629.28,92597.64,234,290,223,23700.65,257329.93,234,11,39.63,998.42,9.21,4.7,0.06,251
P0173,Mitti Women Apparel 241,Fashion,232700.63,103134.94,389,489,353,21447.93,254148.56,390,60,44.32,598.2,8.44,15.38,0.06,252
P0411,Aarav Makeup 436,Beauty,232584.63,107360.3,523,665,475,23700.26,256284.89,525,25,46.16,444.71,9.25,4.76,0.06,253
P0488,Ember Accessories 949,Fashion,231672.09,116388.35,155,188,151,20274.67,251946.76,155,27,50.24,1494.66,8.05,17.42,0.06,254
P0226,Trendo Snacks 750,Grocery,229704.24,45240.77,248,658,238,22405.33,252109.57,248,4,19.7,926.23,8.89,1.61,0.06,255
P0332,UrbanLeaf Men Apparel 240,Fashion,227158.0,101997.36,106,136,106,23146.16,250304.16,107,18,44.9,2143.0,9.25,16.82,0.06,256
P0016,Zephyr Footwear 119,Fashion,226200.04,117888.11,194,249,188,21766.6,247966.64,195,35,52.12,1165.98,8.78,17.95,0.06,257
P0100,Veltrix Beverages 299,Grocery,224468.3,39089.03,217,582,207,19589.94,244058.24,217,1,17.41,1034.42,8.03,0.46,0.06,258
P0347,Nexora Staples 403,Grocery,223459.28,17874.05,274,734,260,22016.47,245475.75,276,0,8.0,815.54,8.97,0.0,0.06,259
P0222,Kriti Storage 214,Home & Kitchen,222249.91,58333.39,46,58,45,20768.09,243018.0,46,1,26.25,4831.52,8.55,2.17,0.06,260
P0180,Kavya Team Sports 262,Sports,221855.25,57631.46,124,159,121,19991.49,241846.74,125,9,25.98,1789.16,8.27,7.2,0.06,261
P0279,Haveli Academic 992,Books,221298.02,67148.26,367,456,346,20745.34,242043.36,368,12,30.34,602.99,8.57,3.26,0.06,262
P0505,Solace Decor 198,Home & Kitchen,221111.96,69655.18,45,53,45,21260.54,242372.5,45,3,31.5,4913.6,8.77,6.67,0.06,263
P0402,Vayu Snacks 939,Grocery,220949.93,29861.64,275,713,256,21193.14,242143.07,276,2,13.52,803.45,8.75,0.72,0.06,264
P0353,Orbit Skincare 658,Beauty,220319.07,94673.77,162,206,159,20725.65,241044.72,162,10,42.97,1359.99,8.6,6.17,0.06,265
P0507,Solace Women Apparel 833,Fashion,217423.99,116351.69,74,95,70,20415.23,237839.22,74,10,53.51,2938.16,8.58,13.51,0.06,266
P0467,Ember Skincare 553,Beauty,216170.02,102873.98,338,424,319,20643.04,236813.06,339,15,47.59,639.56,8.72,4.42,0.06,267
P0255,Kriti Footwear 263,Fashion,215294.11,103231.23,206,254,198,19279.41,234573.52,206,37,47.95,1045.12,8.22,17.96,0.06,268
P0274,Nexora Makeup 893,Beauty,212617.68,73296.24,161,202,157,19929.61,232547.29,161,3,34.47,1320.61,8.57,1.86,0.06,269
P0118,Trendo Cycling 148,Sports,210855.48,61064.82,154,201,150,21953.28,232808.76,155,9,28.96,1369.19,9.43,5.81,0.05,270
P0322,Haveli Cookware 397,Home & Kitchen,209929.0,75703.68,260,325,250,20163.37,230092.37,260,16,36.06,807.42,8.76,6.15,0.05,271
P0471,Ember Decor 925,Home & Kitchen,209813.04,66404.56,131,160,130,17596.32,227409.36,132,12,31.65,1601.63,7.74,9.09,0.05,272
P0104,Haveli Personal Care 138,Grocery,209231.74,23946.79,233,591,222,16613.92,225845.66,235,7,11.45,897.99,7.36,2.98,0.05,273
P0229,UrbanLeaf Fragrance 883,Beauty,205118.23,73231.81,306,384,288,18254.65,223372.88,306,17,35.7,670.32,8.17,5.56,0.05,274
P0440,Mitti Makeup 274,Beauty,201561.98,92525.03,471,586,431,19237.64,220799.62,473,23,45.9,427.94,8.71,4.86,0.05,275
P0201,Nexora Outdoor 891,Sports,195496.22,65499.56,89,104,88,21307.54,216803.76,89,9,33.5,2196.59,9.83,10.11,0.05,276
P0372,Nexora Men Apparel 288,Fashion,195242.67,100418.14,112,137,110,19114.41,214357.08,112,20,51.43,1743.24,8.92,17.86,0.05,277
P0366,Solace Cookware 587,Home & Kitchen,194928.67,46360.89,231,307,221,17888.22,212816.89,231,15,23.78,843.85,8.41,6.49,0.05,278
P0509,Haveli Appliances 512,Home & Kitchen,194792.51,75202.11,145,180,142,16873.58,211666.09,145,6,38.61,1343.4,7.97,4.14,0.05,279
P0371,Zephyr Team Sports 268,Sports,194225.52,72634.21,125,155,121,18011.74,212237.26,125,7,37.4,1553.8,8.49,5.6,0.05,280
P0097,Ember Men Apparel 894,Fashion,193953.87,87610.56,120,153,115,19039.25,212993.12,120,18,45.17,1616.28,8.94,15.0,0.05,281
P0243,Pragati Ethnic Wear 509,Fashion,193155.81,88926.49,154,196,150,20208.09,213363.9,154,22,46.04,1254.26,9.47,14.29,0.05,282
P0205,Vayu Accessories 554,Electronics,190118.63,10478.98,115,145,111,18498.88,208617.51,115,5,5.51,1653.21,8.87,4.35,0.05,283
P0076,Nexora Ethnic Wear 408,Fashion,188796.42,92101.56,250,320,238,18185.85,206982.27,250,37,48.78,755.19,8.79,14.8,0.05,284
P0408,Solace Children 692,Books,179016.04,60268.68,284,355,267,16818.53,195834.57,285,13,33.67,630.34,8.59,4.56,0.05,285
P0093,Kavya Appliances 121,Home & Kitchen,177809.36,61546.36,60,71,60,15665.44,193474.8,60,4,34.61,2963.49,8.1,6.67,0.05,286
P0446,Veltrix Cycling 785,Sports,177326.92,65164.12,79,105,78,17027.12,194354.04,79,10,36.75,2244.64,8.76,12.66,0.05,287
P0039,Ember Men Apparel 154,Fashion,176466.97,76944.01,246,305,238,16692.83,193159.8,247,38,43.6,717.35,8.64,15.38,0.05,288
P0184,Veltrix Footwear 192,Fashion,175523.62,70748.67,54,63,52,18258.57,193782.19,54,11,40.31,3250.44,9.42,20.37,0.05,289
P0010,Solace Cookware 750,Home & Kitchen,174933.16,52311.21,117,157,115,17274.73,192207.89,117,5,29.9,1495.16,8.99,4.27,0.05,290
P0377,Nexora Staples 868,Grocery,173311.14,27471.34,172,470,164,17370.04,190681.18,172,6,15.85,1007.62,9.11,3.49,0.04,291
P0463,Orbit Snacks 492,Grocery,171754.32,31154.26,323,828,297,15494.49,187248.81,324,4,18.14,531.75,8.27,1.23,0.04,292
P0443,Orbit Cycling 289,Sports,171607.33,46815.06,210,257,203,16481.99,188089.32,210,17,27.28,817.18,8.76,8.1,0.04,293
P0342,UrbanLeaf Staples 258,Grocery,170602.98,23788.79,193,499,185,14767.32,185370.3,193,5,13.94,883.95,7.97,2.59,0.04,294
P0224,Aarav Snacks 293,Grocery,170082.11,14700.37,179,454,174,15591.99,185674.1,179,0,8.64,950.18,8.4,0.0,0.04,295
P0314,Orbit Accessories 250,Fashion,169934.89,82165.75,145,186,141,14696.59,184631.48,145,27,48.35,1171.96,7.96,18.62,0.04,296
P0264,Mitti Smartphones 700,Electronics,168214.16,5187.4,74,88,73,17152.33,185366.49,74,8,3.08,2273.16,9.25,10.81,0.04,297
P0134,Solace Women Apparel 766,Fashion,166170.12,63680.37,89,111,86,15019.06,181189.18,89,12,38.32,1867.08,8.29,13.48,0.04,298
P0306,Orbit Furnishing 934,Home & Kitchen,164424.17,43862.9,68,86,67,17802.68,182226.85,68,3,26.68,2418.0,9.77,4.41,0.04,299
P0111,Aarav Appliances 423,Home & Kitchen,164373.38,62696.5,97,116,97,14080.22,178453.6,97,11,38.14,1694.57,7.89,11.34,0.04,300
P0482,Aarav Accessories 194,Fashion,163124.09,85117.99,180,224,174,15710.83,178834.92,181,34,52.18,906.24,8.79,18.78,0.04,301
P0079,Haveli Furnishing 786,Home & Kitchen,161829.39,44083.41,58,70,58,16880.97,178710.36,58,6,27.24,2790.16,9.45,10.34,0.04,302
P0399,Solace Appliances 920,Home & Kitchen,161350.02,60006.04,71,90,71,13700.72,175050.74,71,7,37.19,2272.54,7.83,9.86,0.04,303
P0057,Aarav Cookware 468,Home & Kitchen,158308.41,54997.87,192,244,180,13884.08,172192.49,192,10,34.74,824.52,8.06,5.21,0.04,304
P0272,Haveli Men Apparel 797,Fashion,157866.58,78270.24,270,326,260,14988.9,172855.48,271,35,49.58,584.69,8.67,12.92,0.04,305
P0303,Orbit Appliances 300,Home & Kitchen,155932.25,40727.4,78,100,76,13488.05,169420.3,78,3,26.12,1999.13,7.96,3.85,0.04,306
P0356,UrbanLeaf Furnishing 372,Home & Kitchen,154823.72,61403.9,43,54,42,14207.38,169031.1,43,2,39.66,3600.55,8.41,4.65,0.04,307
P0445,Haveli Footwear 655,Fashion,153718.99,58113.97,47,63,46,15883.31,169602.3,47,7,37.81,3270.62,9.37,14.89,0.04,308
P0481,Orbit Storage 817,Home & Kitchen,152880.87,41604.5,58,70,58,13566.77,166447.64,58,2,27.21,2635.88,8.15,3.45,0.04,309
P0363,Kavya Accessories 633,Electronics,151957.09,12427.43,67,82,66,16884.18,168841.27,67,3,8.18,2268.02,10.0,4.48,0.04,310
P0253,Aarav Storage 480,Home & Kitchen,151149.05,58046.79,163,209,156,14959.98,166109.03,163,11,38.4,927.29,9.01,6.75,0.04,311
P0500,Pragati Appliances 562,Home & Kitchen,149067.68,43950.18,358,439,333,13685.12,162752.8,359,19,29.48,416.39,8.41,5.29,0.04,312
P0151,Kriti Academic 555,Books,146598.34,39868.38,203,264,195,14254.73,160853.07,204,10,27.2,722.16,8.86,4.9,0.04,313
P0278,Pragati Furnishing 248,Home & Kitchen,146325.48,35845.71,117,152,115,12080.84,158406.32,117,6,24.5,1250.65,7.63,5.13,0.04,314
P0497,UrbanLeaf Cookware 415,Home & Kitchen,144927.67,53684.61,115,146,111,11773.58,156701.25,115,6,37.04,1260.24,7.51,5.22,0.04,315
P0295,Vayu Children 419,Books,143508.22,39884.75,103,128,103,15226.99,158735.21,103,4,27.79,1393.28,9.59,3.88,0.04,316
P0143,UrbanLeaf Beverages 374,Grocery,143421.06,24936.69,163,398,160,12972.91,156393.97,163,0,17.39,879.88,8.3,0.0,0.04,317
P0447,Solace Staples 841,Grocery,143315.1,14751.51,120,320,118,13595.74,156910.84,120,3,10.29,1194.29,8.66,2.5,0.04,318
P0144,Lumio Haircare 691,Beauty,142686.47,67670.66,216,266,209,12683.41,155369.88,216,11,47.43,660.59,8.16,5.09,0.04,319
P0468,Aarav Snacks 721,Grocery,141681.68,12865.84,113,308,110,14840.75,156522.43,113,2,9.08,1253.82,9.48,1.77,0.04,320
P0106,Solace Outdoor 684,Sports,141114.68,52370.21,174,218,166,12708.96,153823.64,175,8,37.11,811.0,8.26,4.57,0.04,321
P0166,Veltrix Ethnic Wear 139,Fashion,139846.38,71586.15,106,139,104,12501.9,152348.28,107,14,51.19,1319.31,8.21,13.08,0.04,322
P0496,Veltrix Appliances 423,Home & Kitchen,138640.55,36134.96,179,222,172,13108.45,151749.0,179,8,26.06,774.53,8.64,4.47,0.04,323
P0492,UrbanLeaf Makeup 277,Beauty,136501.76,58962.95,114,145,112,11250.72,147752.48,114,6,43.2,1197.38,7.61,5.26,0.04,324
P0022,Ember Women Apparel 166,Fashion,136468.76,53048.15,112,132,111,12846.1,149314.86,112,15,38.87,1218.47,8.6,13.39,0.04,325
P0323,Orbit Accessories 963,Fashion,136456.95,55259.69,118,145,112,13445.32,149902.27,119,16,40.5,1156.41,8.97,13.45,0.04,326
P0405,Vayu Staples 500,Grocery,135492.05,9844.79,388,1000,366,12455.03,147947.08,391,4,7.27,349.21,8.42,1.02,0.04,327
P0078,Kriti Fragrance 266,Beauty,135193.67,54468.06,184,234,180,13855.03,149048.7,184,5,40.29,734.75,9.3,2.72,0.04,328
P0461,Trendo Haircare 877,Beauty,134933.85,62702.31,90,120,87,13194.53,148128.38,90,2,46.47,1499.26,8.91,2.22,0.03,329
P0197,Lumio Skincare 690,Beauty,134856.11,66479.57,127,162,125,14477.38,149333.49,127,3,49.3,1061.86,9.69,2.36,0.03,330
P0462,Kavya Smartphones 616,Electronics,133266.36,11114.83,83,104,80,12114.88,145381.24,84,8,8.34,1605.62,8.33,9.52,0.03,331
P0102,Kavya Team Sports 195,Sports,132333.15,48457.07,67,83,66,13781.53,146114.68,67,10,36.62,1975.12,9.43,14.93,0.03,332
P0495,Pragati Children 884,Books,131829.85,36791.1,166,206,160,11525.58,143355.43,166,6,27.91,794.16,8.04,3.61,0.03,333
P0311,Veltrix Cookware 178,Home & Kitchen,130848.4,31060.05,98,130,96,12018.14,142866.54,98,7,23.74,1335.19,8.41,7.14,0.03,334
P0066,Solace Appliances 970,Home & Kitchen,130570.38,41845.87,74,96,73,12957.48,143527.86,74,3,32.05,1764.46,9.03,4.05,0.03,335
P0453,Veltrix Team Sports 564,Sports,129378.6,50565.88,47,58,47,11264.82,140643.42,47,6,39.08,2752.74,8.01,12.77,0.03,336
P0103,Lumio Women Apparel 862,Fashion,127811.65,62458.5,137,175,136,12022.06,139833.71,138,24,48.87,932.93,8.6,17.39,0.03,337
P0345,Kriti Fiction 305,Books,127127.29,31121.34,203,251,194,11813.94,138941.23,203,9,24.48,626.24,8.5,4.43,0.03,338
P0344,Veltrix Makeup 823,Beauty,126783.87,52557.22,130,167,127,11374.17,138158.04,130,6,41.45,975.26,8.23,4.62,0.03,339
P0058,Mitti Makeup 305,Beauty,126595.43,58876.46,335,419,318,11872.47,138467.9,336,12,46.51,377.9,8.57,3.57,0.03,340
P0225,Orbit Footwear 875,Fashion,126339.82,58641.25,452,576,402,10976.24,137316.06,452,81,46.42,279.51,7.99,17.92,0.03,341
P0465,Nexora Haircare 863,Beauty,125236.26,62073.93,89,115,89,11840.93,137077.19,89,4,49.57,1407.15,8.64,4.49,0.03,342
P0087,Veltrix Outdoor 874,Sports,124219.9,30657.96,78,110,77,13404.5,137624.4,78,6,24.68,1592.56,9.74,7.69,0.03,343
P0476,Orbit Accessories 928,Fashion,121194.46,59339.01,188,239,177,9967.18,131161.64,188,35,48.96,644.65,7.6,18.62,0.03,344
P0145,Kriti Appliances 135,Home & Kitchen,121181.6,48489.99,92,119,92,10715.88,131897.48,92,7,40.01,1317.19,8.12,7.61,0.03,345
P0313,Pragati Men Apparel 495,Fashion,120094.44,50869.5,78,103,77,12480.41,132574.85,78,13,42.36,1539.67,9.41,16.67,0.03,346
P0162,Kriti Snacks 139,Grocery,119964.57,10291.51,164,414,160,12729.28,132693.85,165,3,8.58,731.49,9.59,1.82,0.03,347
P0038,Solace Storage 207,Home & Kitchen,118052.44,44016.62,69,90,69,11715.6,129768.04,69,7,37.29,1710.9,9.03,10.14,0.03,348
P0355,Haveli Cookware 610,Home & Kitchen,118049.24,29066.22,72,98,72,14038.68,132087.92,72,6,24.62,1639.57,10.63,8.33,0.03,349
P0003,Mitti Non-Fiction 229,Books,118014.62,27325.67,274,337,266,10959.15,128973.77,274,10,23.15,430.71,8.5,3.65,0.03,350
P0108,Kriti Footwear 747,Fashion,117337.17,52641.73,132,170,129,10788.54,128125.71,132,37,44.86,888.92,8.42,28.03,0.03,351
P0021,Zephyr Cycling 563,Sports,116891.69,29953.76,75,91,74,9932.37,126824.06,75,2,25.63,1558.56,7.83,2.67,0.03,352
P0307,Zephyr Men Apparel 379,Fashion,116767.87,49262.81,95,127,95,12436.61,129204.48,95,17,42.19,1229.14,9.63,17.89,0.03,353
P0414,Ember Snacks 932,Grocery,115977.78,21547.63,205,533,195,11896.54,127874.32,205,1,18.58,565.75,9.3,0.49,0.03,354
P0351,Trendo Skincare 392,Beauty,115014.44,58043.29,206,263,198,10814.34,125828.78,206,11,50.47,558.32,8.59,5.34,0.03,355
P0044,UrbanLeaf Women Apparel 375,Fashion,114860.75,42991.07,203,248,194,12239.11,127099.86,203,41,37.43,565.82,9.63,20.2,0.03,356
P0477,Ember Cookware 470,Home & Kitchen,114613.93,32694.97,197,243,187,11481.54,126095.47,197,12,28.53,581.8,9.11,6.09,0.03,357
P0327,Zephyr Academic 629,Books,111873.46,30210.4,137,169,136,10452.74,122326.2,137,6,27.0,816.59,8.54,4.38,0.03,358
P0113,Aarav Women Apparel 886,Fashion,110784.78,55552.35,151,178,143,9153.62,119938.4,151,18,50.14,733.67,7.63,11.92,0.03,359
P0043,Mitti Cycling 411,Sports,110485.5,38804.89,113,145,108,10458.15,120943.65,113,10,35.12,977.75,8.65,8.85,0.03,360
P0452,Orbit Staples 599,Grocery,109347.39,17261.7,90,227,88,10550.93,119898.32,90,1,15.79,1214.97,8.8,1.11,0.03,361
P0045,Orbit Children 122,Books,109086.73,25483.61,137,186,134,10686.28,119773.01,137,8,23.36,796.25,8.92,5.84,0.03,362
P0121,Nexora Fragrance 490,Beauty,108824.46,53223.42,90,110,88,9638.08,118462.54,90,6,48.91,1209.16,8.14,6.67,0.03,363
P0330,Kavya Accessories 461,Fashion,108767.45,55718.87,93,121,90,9967.87,118735.32,93,10,51.23,1169.54,8.4,10.75,0.03,364
P0380,Pragati Team Sports 762,Sports,108472.67,26155.46,88,109,85,9604.49,118077.16,88,6,24.11,1232.64,8.13,6.82,0.03,365
P0300,Nexora Fragrance 387,Beauty,108415.32,41640.14,368,478,345,11515.92,119931.24,368,25,38.41,294.61,9.6,6.79,0.03,366
P0172,Lumio Decor 359,Home & Kitchen,107603.2,38174.57,233,291,220,10266.1,117869.3,233,18,35.48,461.82,8.71,7.73,0.03,367
P0480,Haveli Furnishing 410,Home & Kitchen,107132.12,31983.89,84,103,80,10696.65,117828.77,84,5,29.85,1275.38,9.08,5.95,0.03,368
P0015,Vayu Furnishing 445,Home & Kitchen,106874.62,27557.47,87,115,85,10191.26,117065.88,87,5,25.78,1228.44,8.71,5.75,0.03,369
P0357,Ember Team Sports 743,Sports,105185.05,30025.36,53,64,53,7929.41,113114.46,53,5,28.55,1984.62,7.01,9.43,0.03,370
P0431,Mitti Personal Care 338,Grocery,105114.91,12953.68,106,291,103,10611.65,115726.56,106,1,12.32,991.65,9.17,0.94,0.03,371
P0023,Orbit Beverages 964,Grocery,103940.01,14840.51,224,562,221,8572.11,112512.12,224,3,14.28,464.02,7.62,1.34,0.03,372
P0174,Solace Personal Care 504,Grocery,103884.48,17331.33,92,253,90,9864.69,113749.17,92,2,16.68,1129.18,8.67,2.17,0.03,373
P0160,Haveli Fitness 403,Sports,102418.32,40299.59,66,80,65,9462.41,111880.73,66,6,39.35,1551.79,8.46,9.09,0.03,374
P0394,Orbit Team Sports 914,Sports,101906.43,27594.14,52,62,51,8835.04,110741.47,52,1,27.08,1959.74,7.98,1.92,0.03,375
P0256,Zephyr Fitness 917,Sports,100351.9,36717.3,32,43,31,8214.32,108566.22,32,1,36.59,3136.0,7.57,3.12,0.03,376
P0051,Aarav Ethnic Wear 943,Fashion,100032.04,53479.24,72,91,72,9314.82,109346.86,72,10,53.46,1389.33,8.52,13.89,0.03,377
P0336,Vayu Haircare 700,Beauty,99141.81,41308.49,70,82,70,10126.79,109268.6,70,2,41.67,1416.31,9.27,2.86,0.03,378
P0299,Trendo Fitness 940,Sports,98947.52,28276.54,24,29,24,9982.89,108930.41,24,1,28.58,4122.81,9.16,4.17,0.03,379
P0456,Kriti Footwear 790,Fashion,98135.3,43157.4,331,419,311,10148.82,108284.12,331,53,43.98,296.48,9.37,16.01,0.03,380
P0235,Mitti Snacks 654,Grocery,97521.96,18365.65,126,321,124,8905.07,106427.03,126,1,18.83,773.98,8.37,0.79,0.03,381
P0139,Kriti Children 733,Books,96255.43,25219.08,259,322,247,7950.2,104205.63,259,7,26.2,371.64,7.63,2.7,0.02,382
P0312,Kavya Cookware 176,Home & Kitchen,94183.49,28149.44,95,115,94,9476.11,103659.6,95,4,29.89,991.41,9.14,4.21,0.02,383
P0141,Vayu Decor 118,Home & Kitchen,93619.99,22538.5,92,114,90,8400.95,102020.94,92,2,24.07,1017.61,8.23,2.17,0.02,384
P0219,Aarav Beverages 736,Grocery,92560.81,13203.57,132,358,128,7416.76,99977.57,132,2,14.26,701.22,7.42,1.52,0.02,385
P0070,Nexora Appliances 859,Home & Kitchen,92511.38,26006.99,67,83,65,8438.9,100950.28,67,2,28.11,1380.77,8.36,2.99,0.02,386
P0490,Mitti Fragrance 273,Beauty,91749.13,40626.03,231,294,220,8426.12,100175.25,232,13,44.28,397.18,8.41,5.6,0.02,387
P0212,Kavya Haircare 266,Beauty,91584.14,40976.13,85,104,84,9305.03,100889.17,85,1,44.74,1077.46,9.22,1.18,0.02,388
P0301,Zephyr Team Sports 835,Sports,90604.13,30971.37,76,97,73,8413.52,99017.65,76,8,34.18,1192.16,8.5,10.53,0.02,389
P0214,Veltrix Fiction 894,Books,90113.04,18360.8,115,158,115,8081.14,98194.18,115,4,20.38,783.59,8.23,3.48,0.02,390
P0518,Mitti Team Sports 515,Sports,88395.76,32452.35,69,86,69,9472.27,97868.03,69,2,36.71,1281.1,9.68,2.9,0.02,391
P0116,Ember Children 433,Books,88338.57,19808.26,148,178,144,8015.21,96353.78,148,6,22.42,596.88,8.32,4.05,0.02,392
P0367,Veltrix Outdoor 378,Sports,88163.91,30319.68,82,105,81,8090.25,96254.16,82,2,34.39,1075.17,8.41,2.44,0.02,393
P0385,Haveli Footwear 987,Fashion,87609.95,40137.61,39,51,39,7261.13,94871.08,39,5,45.81,2246.41,7.65,12.82,0.02,394
P0386,Solace Personal Care 246,Grocery,87409.02,7680.86,109,275,107,8447.58,95856.6,109,2,8.79,801.92,8.81,1.83,0.02,395
P0434,Veltrix Fiction 733,Books,85695.58,27259.06,215,278,203,8709.98,94405.56,215,6,31.81,398.58,9.23,2.79,0.02,396
P0464,Nexora Footwear 259,Fashion,85006.19,33248.24,70,91,69,10495.55,95501.74,70,14,39.11,1214.37,10.99,20.0,0.02,397
P0370,Ember Personal Care 417,Grocery,83167.61,15374.35,100,288,100,9063.47,92231.08,100,1,18.49,831.68,9.83,1.0,0.02,398
P0328,UrbanLeaf Furnishing 680,Home & Kitchen,82943.9,32980.32,147,182,140,7885.46,90829.36,147,12,39.76,564.24,8.68,8.16,0.02,399
P0158,Kavya Haircare 392,Beauty,82549.31,40283.99,108,139,108,8457.62,91006.93,108,4,48.8,764.35,9.29,3.7,0.02,400
P0343,Trendo Children 901,Books,81926.34,19350.31,203,247,191,7676.92,89603.26,203,8,23.62,403.58,8.57,3.94,0.02,401
P0383,Trendo Academic 361,Books,81748.76,15003.07,255,318,242,7640.54,89389.3,257,9,18.35,320.58,8.55,3.5,0.02,402
P0257,Trendo Fiction 112,Books,81699.41,25931.19,150,184,146,8302.79,90002.2,150,0,31.74,544.66,9.23,0.0,0.02,403
P0200,Orbit Women Apparel 282,Fashion,80032.89,36109.42,201,242,193,7915.79,87948.68,201,31,45.12,398.17,9.0,15.42,0.02,404
P0013,Trendo Makeup 937,Beauty,79635.75,36062.43,77,89,77,7376.62,87012.37,77,3,45.28,1034.23,8.48,3.9,0.02,405
P0049,Kriti Outdoor 522,Sports,79154.16,22072.14,65,77,64,6280.31,85434.47,65,8,27.89,1217.76,7.35,12.31,0.02,406
P0308,Vayu Skincare 973,Beauty,78881.14,35158.92,160,198,154,8139.49,87020.63,160,11,44.57,493.01,9.35,6.88,0.02,407
P0349,Lumio Skincare 603,Beauty,78697.93,33683.97,212,260,197,7189.09,85887.02,213,11,42.8,371.22,8.37,5.16,0.02,408
P0430,Pragati Non-Fiction 722,Books,78348.96,22430.08,163,199,156,7441.79,85790.75,163,8,28.63,480.67,8.67,4.91,0.02,409
P0421,Veltrix Makeup 793,Beauty,78223.68,32883.5,51,62,51,8576.44,86800.12,51,2,42.04,1533.8,9.88,3.92,0.02,410
P0194,Trendo Children 374,Books,77850.21,25662.11,148,185,144,7119.69,84969.9,148,3,32.96,526.01,8.38,2.03,0.02,411
P0246,Mitti Academic 540,Books,77547.91,16739.35,146,179,142,8040.24,85588.15,147,5,21.59,531.15,9.39,3.4,0.02,412
P0054,Veltrix Fragrance 907,Beauty,77344.97,38610.01,102,137,98,7029.97,84374.94,102,8,49.92,758.28,8.33,7.84,0.02,413
P0258,Solace Wearables 584,Electronics,77124.43,9626.99,39,53,38,6869.39,83993.82,39,4,12.48,1977.55,8.18,10.26,0.02,414
P0020,Orbit Skincare 821,Beauty,76626.03,26505.02,98,119,95,7292.24,83918.27,98,2,34.59,781.9,8.69,2.04,0.02,415
P0285,Kavya Skincare 244,Beauty,76353.78,28759.36,108,131,104,7523.22,83877.0,109,8,37.67,706.98,8.97,7.34,0.02,416
P0251,Orbit Skincare 808,Beauty,75934.07,34202.18,169,214,163,6923.26,82857.33,169,11,45.04,449.31,8.36,6.51,0.02,417
P0450,UrbanLeaf Skincare 848,Beauty,74524.34,31496.98,157,182,151,7478.74,82003.08,157,6,42.26,474.68,9.12,3.82,0.02,418
P0346,Zephyr Academic 663,Books,74388.65,15439.58,79,97,78,7437.43,81826.08,79,0,20.76,941.63,9.09,0.0,0.02,419
P0479,Aarav Makeup 152,Beauty,73928.85,30516.51,179,224,170,7104.59,81033.44,179,6,41.28,413.01,8.77,3.35,0.02,420
P0157,Orbit Women Apparel 299,Fashion,73198.87,32713.94,52,69,52,7998.92,81197.79,52,7,44.69,1407.67,9.85,13.46,0.02,421
P0360,Lumio Makeup 737,Beauty,72818.92,28195.13,129,153,124,6729.79,79548.71,129,4,38.72,564.49,8.46,3.1,0.02,422
P0156,Kriti Makeup 454,Beauty,72425.55,31782.72,160,208,155,6879.32,79304.87,160,4,43.88,452.66,8.67,2.5,0.02,423
P0508,Pragati Academic 708,Books,72168.19,18636.08,74,90,73,6846.95,79015.14,74,1,25.82,975.25,8.67,1.35,0.02,424
P0254,Mitti Women Apparel 285,Fashion,70963.59,27986.79,97,115,96,7116.89,78080.48,97,14,39.44,731.58,9.11,14.43,0.02,425
P0478,Mitti Makeup 105,Beauty,70642.17,34143.1,317,392,298,6349.17,76991.34,317,12,48.33,222.85,8.25,3.79,0.02,426
P0401,Nexora Ethnic Wear 638,Fashion,70363.12,28628.92,91,110,91,6771.48,77134.6,91,18,40.69,773.22,8.78,19.78,0.02,427
P0181,Trendo Snacks 407,Grocery,69606.01,11405.83,126,319,122,6328.25,75934.26,128,0,16.39,552.43,8.33,0.0,0.02,428
P0309,Kavya Men Apparel 709,Fashion,68592.12,26005.38,75,99,74,6854.19,75446.31,75,9,37.91,914.56,9.08,12.0,0.02,429
P0436,Lumio Accessories 571,Fashion,67956.03,26470.84,40,51,38,6819.83,74775.86,40,5,38.95,1698.9,9.12,12.5,0.02,430
P0096,Zephyr Skincare 107,Beauty,67804.93,33578.26,98,125,94,7127.06,74931.99,98,7,49.52,691.89,9.51,7.14,0.02,431
P0080,Mitti Non-Fiction 930,Books,66993.43,18491.91,213,260,206,6172.81,73166.24,213,10,27.6,314.52,8.44,4.69,0.02,432
P0169,Kriti Accessories 525,Fashion,65859.74,33203.37,103,121,100,5860.18,71719.92,103,18,50.42,639.41,8.17,17.48,0.02,433
P0512,Kriti Children 419,Books,65725.63,13137.04,139,171,137,6767.26,72492.89,139,7,19.99,472.85,9.34,5.04,0.02,434
P0397,Kavya Children 166,Books,64474.26,21506.15,86,101,84,6886.19,71360.45,86,1,33.36,749.7,9.65,1.16,0.02,435
P0502,Haveli Staples 384,Grocery,63204.25,8862.47,75,201,75,5909.69,69113.94,75,1,14.02,842.72,8.55,1.33,0.02,436
P0101,Veltrix Snacks 461,Grocery,62834.6,8093.23,170,436,167,5574.84,68409.44,170,2,12.88,369.62,8.15,1.18,0.02,437
P0114,Veltrix Haircare 922,Beauty,62630.37,28413.81,72,96,72,6045.46,68675.83,72,5,45.37,869.87,8.8,6.94,0.02,438
P0187,Kavya Accessories 577,Fashion,62143.47,28228.89,83,99,82,5714.41,67857.88,83,14,45.43,748.72,8.42,16.87,0.02,439
P0135,Aarav Fragrance 623,Beauty,61923.71,21758.94,303,380,288,5811.17,67734.88,304,15,35.14,204.37,8.58,4.93,0.02,440
P0400,Haveli Furnishing 393,Home & Kitchen,61830.89,21486.72,168,203,165,5500.03,67330.92,168,13,34.75,368.04,8.17,7.74,0.02,441
P0120,Pragati Haircare 352,Beauty,61404.24,21043.98,88,111,85,5975.42,67379.66,88,3,34.27,697.78,8.87,3.41,0.02,442
P0318,UrbanLeaf Cycling 200,Sports,60878.47,14365.34,65,76,65,6877.97,67756.44,65,3,23.6,936.59,10.15,4.62,0.02,443
P0046,UrbanLeaf Children 411,Books,60478.36,18985.72,79,99,78,6089.21,66567.57,79,2,31.39,765.55,9.15,2.53,0.02,444
P0167,Haveli Fiction 987,Books,59716.16,19477.75,73,93,72,5123.97,64840.13,73,3,32.62,818.03,7.9,4.11,0.02,445
P0441,Orbit Fiction 645,Books,59247.79,17299.51,190,242,177,5673.49,64921.28,190,9,29.2,311.83,8.74,4.74,0.02,446
P0179,UrbanLeaf Staples 194,Grocery,58473.83,10606.83,123,296,119,5614.59,64088.42,123,2,18.14,475.4,8.76,1.63,0.02,447
P0223,Kriti Makeup 929,Beauty,58258.68,28388.77,210,261,201,5425.88,63684.56,210,16,48.73,277.42,8.52,7.62,0.02,448
P0130,Zephyr Haircare 392,Beauty,57878.79,28988.13,70,98,69,4418.28,62297.07,70,1,50.08,826.84,7.09,1.43,0.01,449
P0284,UrbanLeaf Accessories 329,Fashion,57742.78,27191.46,117,136,114,5396.02,63138.8,117,22,47.09,493.53,8.55,18.8,0.01,450
P0182,Lumio Personal Care 129,Grocery,57063.27,4705.44,89,217,88,5602.9,62666.17,89,1,8.25,641.16,8.94,1.12,0.01,451
P0208,Kriti Skincare 756,Beauty,56624.46,26361.17,58,75,56,4442.71,61067.17,58,1,46.55,976.28,7.28,1.72,0.01,452
P0391,Orbit Haircare 190,Beauty,56624.15,25280.38,125,154,120,5543.1,62167.25,125,7,44.65,452.99,8.92,5.6,0.01,453
P0065,Lumio Makeup 994,Beauty,56226.4,21113.97,61,71,60,5815.78,62042.18,61,1,37.55,921.74,9.37,1.64,0.01,454
P0053,Zephyr Children 142,Books,55427.36,16210.05,107,139,105,5196.22,60623.58,107,2,29.25,518.01,8.57,1.87,0.01,455
P0170,Solace Personal Care 770,Grocery,54862.42,7393.2,133,358,131,4947.36,59809.78,133,0,13.48,412.5,8.27,0.0,0.01,456
P0198,Haveli Children 980,Books,53877.35,13117.6,94,110,90,5466.34,59343.69,94,4,24.35,573.16,9.21,4.26,0.01,457
P0390,Pragati Academic 460,Books,53443.28,15438.79,89,110,85,4731.61,58174.89,89,4,28.89,600.49,8.13,4.49,0.01,458
P0280,Mitti Fiction 217,Books,52199.06,13805.81,66,78,65,5083.51,57282.57,66,4,26.45,790.89,8.87,6.06,0.01,459
P0152,Aarav Staples 101,Grocery,51616.19,6435.19,38,100,37,4518.81,56135.0,38,0,12.47,1358.32,8.05,0.0,0.01,460
P0428,Aarav Children 521,Books,51424.51,17039.44,68,91,68,5028.17,56452.68,68,6,33.13,756.24,8.91,8.82,0.01,461
P0008,Mitti Children 926,Books,51264.98,13540.67,84,109,84,5006.3,56271.28,84,1,26.41,610.3,8.9,1.19,0.01,462
P0333,Kriti Outdoor 752,Sports,50343.46,18151.91,121,157,117,4817.42,55160.88,121,11,36.06,416.06,8.73,9.09,0.01,463
P0329,Mitti Haircare 293,Beauty,50098.86,25038.51,219,264,210,4999.46,55098.32,219,12,49.98,228.76,9.07,5.48,0.01,464
P0354,UrbanLeaf Makeup 617,Beauty,49733.41,23297.29,80,103,79,4939.56,54672.97,80,2,46.84,621.67,9.03,2.5,0.01,465
P0304,Vayu Storage 468,Home & Kitchen,49578.94,15674.91,60,77,59,4262.77,53841.71,60,2,31.62,826.32,7.92,3.33,0.01,466
P0298,Ember Academic 324,Books,48955.89,14488.82,81,107,80,4465.12,53421.01,81,3,29.6,604.39,8.36,3.7,0.01,467
P0382,Ember Staples 192,Grocery,48478.59,7014.23,56,152,56,4761.83,53240.42,56,0,14.47,865.69,8.94,0.0,0.01,468
P0320,Lumio Snacks 394,Grocery,47695.29,8795.57,99,238,98,5044.43,52739.72,99,1,18.44,481.77,9.56,1.01,0.01,469
P0094,UrbanLeaf Ethnic Wear 625,Fashion,47458.27,19235.96,66,89,65,4750.41,52208.68,66,8,40.53,719.06,9.1,12.12,0.01,470
P0056,Nexora Fiction 246,Books,46713.1,9191.1,72,83,72,4728.1,51441.2,72,1,19.68,648.79,9.19,1.39,0.01,471
P0506,Ember Children 992,Books,45486.29,10472.39,107,133,95,4254.25,49740.54,107,6,23.02,425.11,8.55,5.61,0.01,472
P0183,Veltrix Storage 513,Home & Kitchen,45307.0,16958.14,62,79,60,4665.03,49972.03,62,4,37.43,730.76,9.34,6.45,0.01,473
P0206,Lumio Women Apparel 918,Fashion,45299.57,19716.47,127,164,125,4167.85,49467.42,127,13,43.52,356.69,8.43,10.24,0.01,474
P0439,Orbit Team Sports 544,Sports,44497.79,17072.19,48,60,48,4126.61,48624.4,48,3,38.37,927.04,8.49,6.25,0.01,475
P0073,Aarav Children 930,Books,43580.52,15072.06,135,170,131,3886.98,47467.5,135,4,34.58,322.82,8.19,2.96,0.01,476
P0291,Veltrix Non-Fiction 704,Books,43497.84,11140.89,148,184,141,4408.68,47906.52,148,4,25.61,293.9,9.2,2.7,0.01,477
P0406,Veltrix Fiction 701,Books,42988.3,14314.4,105,131,105,4395.56,47383.86,105,4,33.3,409.41,9.28,3.81,0.01,478
P0393,Nexora Makeup 956,Beauty,42632.72,20632.73,126,157,122,4316.98,46949.7,126,3,48.4,338.35,9.19,2.38,0.01,479
P0030,Pragati Cycling 107,Sports,42393.24,11507.44,68,85,68,3978.41,46371.65,68,4,27.14,623.43,8.58,5.88,0.01,480
P0276,Haveli Cookware 312,Home & Kitchen,42108.79,14355.52,71,90,71,3709.25,45818.04,71,2,34.09,593.08,8.1,2.82,0.01,481
P0361,Orbit Beverages 749,Grocery,41926.73,5915.12,129,341,127,4159.57,46086.3,129,1,14.11,325.01,9.03,0.78,0.01,482
P0248,Pragati Appliances 758,Home & Kitchen,41205.59,10129.35,121,147,117,4213.77,45419.36,121,8,24.58,340.54,9.28,6.61,0.01,483
P0484,Lumio Women Apparel 908,Fashion,39425.62,16378.06,69,86,68,3458.22,42883.84,69,9,41.54,571.39,8.06,13.04,0.01,484
P0247,UrbanLeaf Makeup 447,Beauty,39121.9,18836.98,152,200,150,4067.62,43189.52,153,8,48.15,257.38,9.42,5.23,0.01,485
P0352,Pragati Footwear 569,Fashion,38861.49,15710.47,51,58,51,3674.58,42536.07,51,10,40.43,761.99,8.64,19.61,0.01,486
P0011,Veltrix Men Apparel 867,Fashion,38503.71,15332.55,63,84,62,3248.53,41752.24,63,10,39.82,611.17,7.78,15.87,0.01,487
P0489,Trendo Skincare 851,Beauty,36858.77,16410.16,94,115,93,3434.24,40293.01,95,2,44.52,392.11,8.52,2.11,0.01,488
P0024,Ember Snacks 838,Grocery,35614.69,6355.46,76,192,76,3013.01,38627.7,76,0,17.85,468.61,7.8,0.0,0.01,489
P0245,Pragati Fragrance 638,Beauty,35501.28,16093.73,74,94,74,2881.4,38382.68,74,5,45.33,479.75,7.51,6.76,0.01,490
P0014,Zephyr Non-Fiction 432,Books,33869.58,7044.77,59,69,57,2987.58,36857.16,59,2,20.8,574.06,8.11,3.39,0.01,491
P0252,Kavya Children 443,Books,31544.63,9521.04,52,69,52,2534.94,34079.57,52,2,30.18,606.63,7.44,3.85,0.01,492
P0486,Kriti Decor 338,Home & Kitchen,31223.72,9989.04,66,80,65,2590.99,33814.71,66,3,31.99,473.09,7.66,4.55,0.01,493
P0483,Aarav Fragrance 397,Beauty,31033.43,12299.97,186,235,179,2911.51,33944.94,186,12,39.63,166.85,8.58,6.45,0.01,494
P0236,Pragati Fiction 826,Books,29181.5,8066.24,88,99,87,2560.83,31742.33,88,3,27.64,331.61,8.07,3.41,0.01,495
P0042,Pragati Children 897,Books,29089.07,7774.52,35,41,35,3057.04,32146.11,35,0,26.73,831.12,9.51,0.0,0.01,496
P0498,Lumio Haircare 362,Beauty,27777.5,11161.9,28,32,28,2769.9,30547.4,28,1,40.18,992.05,9.07,3.57,0.01,497
P0516,Vayu Ethnic Wear 942,Fashion,27658.49,13132.7,43,57,43,2285.41,29943.9,43,3,47.48,643.22,7.63,6.98,0.01,498
P0083,Kavya Non-Fiction 713,Books,27294.55,8562.53,82,100,79,2591.27,29885.82,82,1,31.37,332.86,8.67,1.22,0.01,499
P0006,Ember Personal Care 820,Grocery,26832.85,2692.0,45,123,45,2283.94,29116.79,45,0,10.03,596.29,7.84,0.0,0.01,500
P0466,Mitti Outdoor 375,Sports,26294.78,10378.37,69,89,67,2557.27,28852.05,70,5,39.47,381.08,8.86,7.14,0.01,501
P0365,Kriti Skincare 529,Beauty,25776.44,10243.87,52,67,51,2839.28,28615.72,52,1,39.74,495.7,9.92,1.92,0.01,502
P0262,Zephyr Academic 505,Books,25330.2,7111.23,36,45,36,2228.43,27558.63,36,3,28.07,703.62,8.09,8.33,0.01,503
P0260,Ember Makeup 848,Beauty,21868.67,7940.57,157,187,154,2002.1,23870.77,157,8,36.31,139.29,8.39,5.1,0.01,504
P0326,Aarav Haircare 401,Beauty,21573.9,7634.96,142,164,136,2120.94,23694.84,142,11,35.39,151.93,8.95,7.75,0.01,505
P0019,Solace Non-Fiction 473,Books,21191.44,7301.79,71,90,69,1916.22,23107.66,71,2,34.46,298.47,8.29,2.82,0.01,506
P0387,Solace Fitness 395,Sports,20834.54,6690.4,71,93,71,2409.56,23244.1,72,6,32.11,293.44,10.37,8.33,0.01,507
P0063,Veltrix Skincare 179,Beauty,20399.66,9471.73,109,134,107,2075.0,22474.66,109,1,46.43,187.15,9.23,0.92,0.01,508
P0186,Trendo Skincare 923,Beauty,19142.02,7863.57,35,47,35,1879.03,21021.05,35,0,41.08,546.91,8.94,0.0,0.0,509
P0168,Zephyr Fiction 956,Books,18236.35,3769.3,29,39,29,1547.18,19783.53,29,0,20.67,628.84,7.82,0.0,0.0,510
P0002,Veltrix Storage 168,Home & Kitchen,17343.33,4230.55,55,65,55,1557.68,18901.01,55,4,24.39,315.33,8.24,7.27,0.0,511
P0325,Aarav Children 207,Books,16436.52,4008.9,49,58,49,1051.86,17488.38,49,1,24.39,335.44,6.01,2.04,0.0,512
P0064,Lumio Fitness 352,Sports,15120.3,5999.16,34,43,34,1441.8,16562.1,34,3,39.68,444.71,8.71,8.82,0.0,513
P0403,Mitti Fiction 530,Books,14133.88,3062.5,23,29,23,1102.52,15236.4,23,2,21.67,614.52,7.24,8.7,0.0,514
P0334,Solace Non-Fiction 774,Books,13995.31,3325.41,24,30,24,1527.46,15522.77,24,1,23.76,583.14,9.84,4.17,0.0,515
P0520,Kriti Children 177,Books,13824.41,3077.5,62,73,62,1186.59,15011.0,62,2,22.26,222.97,7.9,3.23,0.0,516
P0238,Veltrix Children 128,Books,13267.81,3401.58,52,61,52,1285.3,14553.11,52,2,25.64,255.15,8.83,3.85,0.0,517
P0426,Pragati Academic 898,Books,12904.17,2394.61,52,64,52,1250.19,14154.36,52,3,18.56,248.16,8.83,5.77,0.0,518
P0242,Vayu Non-Fiction 820,Books,12762.18,4379.28,30,37,30,1001.88,13764.06,30,1,34.31,425.41,7.28,3.33,0.0,519
P0203,Mitti Furnishing 316,Home & Kitchen,10005.43,3084.79,24,31,24,971.16,10976.59,24,5,30.83,416.89,8.85,20.83,0.0,520
P0305,UrbanLeaf Children 406,Books,4859.02,1733.26,16,22,16,315.68,5174.7,16,0,35.67,303.69,6.1,0.0,0.0,521
