customer_key,customer_id,segment,revenue,profit,orders,first,last,tenure_months,clv_proxy
847,C00847,High Value,2202343.18,433728.53,353,2023-01-05,2025-12-27,35.87,396047.71
579,C00579,High Value,1435246.68,263292.74,203,2023-01-03,2025-09-29,35.94,257628.78
1429,C01429,At Risk,1139648.7,197943.15,129,2023-03-10,2025-02-25,33.77,217702.31
4910,C04910,High Value,1079882.55,207726.62,137,2024-04-19,2025-05-12,20.43,340934.77
994,C00994,High Value,951018.85,177148.73,120,2023-01-08,2025-12-30,35.78,171493.0
665,C00665,High Value,862494.53,121175.11,108,2023-01-06,2025-12-20,35.84,155244.69
1337,C01337,At Risk,798091.91,149003.45,121,2023-03-01,2024-12-08,34.07,151133.0
6172,C06172,High Value,768870.21,95146.22,106,2024-08-14,2025-12-31,16.59,298983.22
870,C00870,High Value,745178.64,147052.36,97,2023-01-03,2025-08-06,35.94,133760.61
3747,C03747,High Value,722850.99,127484.6,90,2023-12-18,2025-12-25,24.47,190536.27
6591,C06591,High Value,710784.72,125366.5,104,2024-09-21,2025-12-25,15.34,298886.54
1663,C01663,High Value,686653.8,126511.0,98,2023-04-13,2025-12-23,32.65,135655.25
4772,C04772,High Value,674057.13,99976.2,84,2024-04-13,2025-12-26,20.63,210776.51
1880,C01880,At Risk,635935.31,110496.9,94,2023-05-10,2024-01-29,31.77,129143.22
1969,C01969,High Value,631870.51,114405.77,58,2023-06-15,2025-12-17,30.58,133279.56
375,C00375,High Value,631767.45,135696.87,88,2023-01-01,2025-06-26,36.01,113196.2
2140,C02140,High Value,631491.74,107831.29,83,2023-06-18,2025-12-28,30.49,133630.27
2684,C02684,High Value,615364.14,100855.92,61,2023-08-29,2025-11-25,28.12,141170.38
5078,C05078,High Value,603236.37,100776.62,65,2024-05-10,2025-12-08,19.74,197105.25
2255,C02255,At Risk,596389.99,113492.9,70,2023-06-27,2024-12-15,30.19,127438.31
610,C00610,At Risk,593859.18,134081.27,79,2023-01-04,2024-10-21,35.91,106696.08
668,C00668,At Risk,589576.82,105921.33,87,2023-01-03,2024-11-17,35.94,105829.86
55,C00055,High Value,585240.15,102481.05,88,2023-01-23,2025-12-12,35.28,107007.69
2615,C02615,High Value,582793.12,96091.26,65,2023-08-07,2025-11-27,28.84,130348.2
587,C00587,High Value,561102.22,100566.83,86,2023-01-15,2025-12-31,35.55,101835.66
2552,C02552,High Value,543664.9,90121.13,59,2023-08-17,2025-12-31,28.52,122997.62
3796,C03796,High Value,542122.65,96768.87,63,2024-01-09,2025-12-11,23.75,147246.31
862,C00862,High Value,536871.0,89936.19,73,2023-01-04,2025-12-28,35.91,96457.26
225,C00225,High Value,521804.77,110428.79,100,2023-01-13,2025-08-02,35.61,94528.75
904,C00904,High Value,508653.65,57228.45,52,2023-01-04,2025-12-23,35.91,91387.58
1720,C01720,High Value,507602.27,80560.07,60,2023-04-21,2025-12-20,32.39,101095.49
6677,C06677,High Value,505517.86,86003.52,64,2024-10-01,2025-12-18,15.01,217222.83
980,C00980,At Risk,504312.18,58628.36,50,2023-01-06,2024-04-14,35.84,90773.66
2783,C02783,High Value,503725.05,82573.76,35,2023-10-05,2025-09-10,26.91,120779.94
1351,C01351,High Value,501731.44,118839.45,76,2023-03-01,2025-12-26,34.07,95011.84
6044,C06044,High Value,495445.96,84334.29,78,2024-08-02,2025-12-31,16.98,188187.56
425,C00425,High Value,494534.99,102587.25,68,2023-01-06,2025-12-29,35.84,89013.82
1542,C01542,High Value,490251.59,85860.08,56,2023-03-27,2025-12-25,33.21,95225.44
5968,C05968,High Value,471105.68,92627.49,63,2024-08-12,2025-12-20,16.66,182471.71
1398,C01398,High Value,470838.62,81222.7,61,2023-03-31,2025-11-14,33.08,91817.99
327,C00327,High Value,467591.09,92632.2,83,2023-01-04,2025-12-21,35.91,84010.05
688,C00688,High Value,466980.68,81767.67,53,2023-01-04,2025-12-29,35.91,83900.38
635,C00635,At Risk,461144.06,76619.19,48,2023-01-07,2024-11-17,35.81,83079.77
1766,C01766,High Value,458584.56,78762.49,46,2023-05-06,2025-04-27,31.9,92743.9
256,C00256,High Value,454647.12,78332.62,63,2023-01-02,2025-12-09,35.97,81535.26
7367,C07367,High Value,452561.53,50654.5,17,2024-12-11,2025-11-01,12.68,230237.19
477,C00477,High Value,452438.81,98116.95,68,2023-01-12,2025-04-24,35.64,81887.06
3479,C03479,At Risk,447732.47,82895.29,83,2023-11-20,2025-03-10,25.39,113742.89
221,C00221,High Value,443937.05,61657.1,60,2023-01-06,2025-11-07,35.84,79906.44
6318,C06318,High Value,431398.44,41564.73,36,2024-10-06,2025-12-18,14.85,187424.04
